account_id,phone_number,email,registered_address
A-1410,081-373-9668,a1410@yahoo.com,159 ถนน ลาดพร้าว Khon Kaen
A-1411,083-166-2750,a1411@outlook.com,145 ถนน พหลโยธิน Songkhla
A-1412,085-168-3563,a1412@hotmail.com,21 ถนน รัชดาภิเษก Rayong
A-1413,088-347-5107,a1413@yahoo.com,9 ถนน พหลโยธิน Phuket
A-1414,088-524-6289,a1414@outlook.com,667 ถนน รัชดาภิเษก Lampang
A-1415,084-415-3465,a1415@gmail.com,846 ถนน สีลม Bangkok
A-1416,083-571-2917,a1416@outlook.com,405 ถนน ลาดพร้าว Nonthaburi
A-1417,086-595-6315,a1417@gmail.com,750 ถนน สุขุมวิท Bangkok
A-1418,084-601-2203,a1418@hotmail.com,830 ถนน รัชดาภิเษก Khon Kaen
A-1419,083-515-4979,a1419@gmail.com,88 ถนน ลาดพร้าว Bangkok
A-1420,087-773-6340,a1420@yahoo.com,467 ถนน สุขุมวิท Chiang Mai
A-1421,082-485-9627,a1421@yahoo.com,846 ถนน สุขุมวิท Samut Prakan
A-1422,084-875-7218,a1422@gmail.com,439 ถนน พหลโยธิน Nonthaburi
A-1423,082-732-2561,a1423@yahoo.com,400 ถนน ลาดพร้าว Rayong
A-1424,088-612-1791,a1424@gmail.com,342 ถนน พหลโยธิน Nonthaburi
A-1425,082-804-4100,a1425@outlook.com,319 ถนน เพชรบุรี Khon Kaen
A-1426,085-223-7437,a1426@hotmail.com,161 ถนน เพชรบุรี Rayong
A-1427,089-824-2501,a1427@yahoo.com,376 ถนน เพชรบุรี Phuket
A-1428,081-994-6553,a1428@outlook.com,943 ถนน สีลม Nakhon Ratchasima
A-1429,088-599-1973,a1429@outlook.com,338 ถนน รัชดาภิเษก Bangkok
A-1430,087-962-5801,a1430@hotmail.com,205 ถนน พหลโยธิน Phuket
A-1431,089-761-6284,a1431@hotmail.com,308 ถนน เพชรบุรี Pathum Thani
A-1432,089-611-7127,a1432@outlook.com,714 ถนน พหลโยธิน Khon Kaen
A-1433,082-479-3842,a1433@outlook.com,851 ถนน เพชรบุรี Chiang Mai
A-1434,087-971-1795,a1434@outlook.com,128 ถนน เพชรบุรี Surat Thani
A-1435,085-646-4905,a1435@hotmail.com,30 ถนน สีลม Phuket
A-1436,082-556-7749,a1436@gmail.com,838 ถนน รัชดาภิเษก Pathum Thani
A-1437,084-942-4151,a1437@outlook.com,9 ถนน เพชรบุรี Nonthaburi
A-1438,083-289-2756,a1438@hotmail.com,292 ถนน รัชดาภิเษก Lampang
A-1439,083-727-7500,a1439@outlook.com,276 ถนน รัชดาภิเษก Rayong
A-1440,085-916-3417,a1440@gmail.com,950 ถนน รัชดาภิเษก Phuket
A-1441,088-139-7790,a1441@hotmail.com,318 ถนน สีลม Phuket
A-1442,086-202-5449,a1442@yahoo.com,499 ถนน สีลม Nakhon Ratchasima
A-1443,089-936-9920,a1443@outlook.com,721 ถนน ลาดพร้าว Surat Thani
A-1444,087-549-2123,a1444@outlook.com,568 ถนน ลาดพร้าว Nakhon Ratchasima
A-1445,086-518-3774,a1445@hotmail.com,924 ถนน สุขุมวิท Samut Prakan
A-1446,081-367-3883,a1446@hotmail.com,339 ถนน สุขุมวิท Nonthaburi
A-1447,083-890-1759,a1447@yahoo.com,664 ถนน พหลโยธิน Udon Thani
A-1448,085-677-7109,a1448@yahoo.com,541 ถนน พหลโยธิน Bangkok
A-1449,083-566-2523,a1449@gmail.com,255 ถนน รัชดาภิเษก Chonburi
A-1450,087-918-4723,a1450@gmail.com,922 ถนน พหลโยธิน Samut Prakan
A-1451,087-259-1975,a1451@hotmail.com,532 ถนน สีลม Phuket
A-1452,081-446-5247,a1452@yahoo.com,753 ถนน พหลโยธิน Chonburi
A-1453,083-925-8465,a1453@yahoo.com,512 ถนน พหลโยธิน Pathum Thani
A-1454,087-322-5738,a1454@hotmail.com,813 ถนน ลาดพร้าว Udon Thani
A-1455,087-414-1346,a1455@outlook.com,649 ถนน เพชรบุรี Phuket
A-1456,086-820-7025,a1456@yahoo.com,105 ถนน รัชดาภิเษก Phuket
A-1457,084-627-5339,a1457@hotmail.com,878 ถนน สุขุมวิท Chiang Rai
A-1458,088-461-8320,a1458@gmail.com,425 ถนน พหลโยธิน Lampang
A-1459,082-589-8903,a1459@hotmail.com,708 ถนน รัชดาภิเษก Phuket
A-1460,084-689-3689,a1460@outlook.com,143 ถนน เพชรบุรี Lampang
A-1461,082-827-4622,a1461@yahoo.com,682 ถนน รัชดาภิเษก Chiang Mai
A-1462,082-842-7498,a1462@outlook.com,403 ถนน สุขุมวิท Surat Thani
A-1463,081-905-6605,a1463@gmail.com,13 ถนน รัชดาภิเษก Chiang Rai
A-1464,082-970-4602,a1464@gmail.com,986 ถนน พหลโยธิน Rayong
A-1465,087-574-8094,a1465@gmail.com,770 ถนน พหลโยธิน Chiang Rai
A-1466,088-459-5437,a1466@hotmail.com,420 ถนน พหลโยธิน Lampang
A-1467,081-330-7563,a1467@hotmail.com,366 ถนน ลาดพร้าว Songkhla
A-1468,085-827-3429,a1468@hotmail.com,743 ถนน รัชดาภิเษก Chiang Rai
A-1469,081-427-1233,a1469@yahoo.com,680 ถนน สีลม Rayong
A-1470,081-948-1791,a1470@hotmail.com,405 ถนน สีลม Songkhla
A-1471,082-248-2639,a1471@hotmail.com,812 ถนน พหลโยธิน Bangkok
A-1001,088-685-2707,a1001@hotmail.com,742 ซอย 36 Bangkok
A-1003,088-685-2707,a1003@hotmail.com,751 ถนน สุขุมวิท Chonburi
A-1004,088-685-2707,a1004@yahoo.com,526 ถนน สุขุมวิท Chonburi
A-1005,088-685-2707,a1005@hotmail.com,310 ถนน ลาดพร้าว Nakhon Ratchasima
A-1002,088-697-8190,a1002@hotmail.com,130 ซอย 32 Bangkok
A-1006,088-697-8190,a1006@yahoo.com,877 ถนน ลาดพร้าว Pathum Thani
A-1007,088-697-8190,a1007@hotmail.com,401 ถนน พหลโยธิน Bangkok
A-1000,085-426-5453,a1000@protonmail.com,108 ถนน พหลโยธิน Bangkok
A-1008,086-100-7419,a1008@yahoo.com,594 ถนน เพชรบุรี Samut Prakan
A-1009,081-154-7839,a1009@yahoo.com,254 ถนน พหลโยธิน Chiang Mai
A-1010,083-777-7478,a1010@gmail.com,778 ถนน พหลโยธิน Phuket
A-1011,081-324-7851,a1011@hotmail.com,981 ถนน รัชดาภิเษก Chiang Rai
A-1012,086-946-8414,a1012@gmail.com,166 ถนน สีลม Khon Kaen
A-1013,088-381-9216,a1013@hotmail.com,748 ถนน สีลม Rayong
A-1014,085-794-8036,a1014@hotmail.com,385 ถนน สุขุมวิท Chiang Rai
A-1015,087-284-1388,a1015@yahoo.com,255 ถนน สีลม Chiang Rai
A-1016,081-265-6315,a1016@gmail.com,391 ถนน สุขุมวิท Surat Thani
A-1017,088-170-7858,a1017@yahoo.com,937 ถนน สีลม Khon Kaen
A-1019,088-248-8516,a1019@gmail.com,17 ซอย 30 Chiang Mai
A-1021,088-248-8516,a1021@yahoo.com,807 ถนน ลาดพร้าว Nakhon Ratchasima
A-1022,088-248-8516,a1022@hotmail.com,413 ถนน รัชดาภิเษก Chiang Rai
A-1023,088-248-8516,a1023@gmail.com,710 ถนน รัชดาภิเษก Songkhla
A-1020,084-880-5826,a1020@gmail.com,241 ซอย 1 Chiang Mai
A-1024,084-880-5826,a1024@yahoo.com,307 ถนน รัชดาภิเษก Chonburi
A-1025,084-880-5826,a1025@hotmail.com,576 ถนน ลาดพร้าว Samut Prakan
A-1018,086-597-3118,a1018@protonmail.com,643 ถนน สุขุมวิท Bangkok
A-1026,087-669-5415,a1026@yahoo.com,628 ถนน สุขุมวิท Lampang
A-1027,085-673-7076,a1027@outlook.com,97 ถนน พหลโยธิน Udon Thani
A-1028,085-459-9378,a1028@hotmail.com,777 ถนน สีลม Bangkok
A-1029,089-866-6753,a1029@outlook.com,82 ถนน สุขุมวิท Chonburi
A-1030,083-528-5962,a1030@gmail.com,95 ถนน สีลม Surat Thani
A-1031,083-246-7238,a1031@hotmail.com,293 ถนน สีลม Nakhon Ratchasima
A-1032,084-741-5046,a1032@hotmail.com,714 ถนน รัชดาภิเษก Chonburi
A-1033,089-709-4029,a1033@outlook.com,841 ถนน ลาดพร้าว Khon Kaen
A-1035,089-201-9090,a1035@gmail.com,272 ซอย 15 Chonburi
A-1037,089-201-9090,a1037@hotmail.com,531 ถนน ลาดพร้าว Chiang Mai
A-1038,089-201-9090,a1038@yahoo.com,861 ถนน รัชดาภิเษก Chiang Rai
A-1036,083-322-5846,a1036@gmail.com,434 ซอย 1 Chonburi
A-1039,083-322-5846,a1039@yahoo.com,687 ถนน สุขุมวิท Khon Kaen
A-1040,083-322-5846,a1040@gmail.com,380 ถนน ลาดพร้าว Khon Kaen
A-1041,083-322-5846,a1041@hotmail.com,929 ถนน รัชดาภิเษก Chiang Rai
A-1034,082-604-8370,a1034@protonmail.com,367 ถนน สุขุมวิท Bangkok
A-1042,083-284-5346,a1042@hotmail.com,875 ถนน สีลม Pathum Thani
A-1043,084-106-1591,a1043@hotmail.com,392 ถนน พหลโยธิน Surat Thani
A-1044,088-752-6554,a1044@yahoo.com,371 ถนน พหลโยธิน Chiang Rai
A-1045,088-605-9883,a1045@outlook.com,460 ถนน สุขุมวิท Songkhla
A-1046,082-212-1431,a1046@gmail.com,634 ถนน รัชดาภิเษก Songkhla
A-1047,087-229-2302,a1047@hotmail.com,809 ถนน พหลโยธิน Chiang Rai
A-1049,085-299-8487,a1049@hotmail.com,14 ซอย 39 Khon Kaen
A-1051,085-299-8487,a1051@hotmail.com,820 ถนน พหลโยธิน Lampang
A-1052,085-299-8487,a1052@yahoo.com,275 ถนน พหลโยธิน Chiang Rai
A-1053,085-299-8487,a1053@hotmail.com,984 ถนน พหลโยธิน Rayong
A-1050,086-262-2602,a1050@gmail.com,321 ซอย 15 Khon Kaen
A-1054,086-262-2602,a1054@yahoo.com,920 ถนน สุขุมวิท Khon Kaen
A-1055,086-262-2602,a1055@yahoo.com,62 ถนน สุขุมวิท Rayong
A-1056,086-262-2602,a1056@hotmail.com,994 ถนน พหลโยธิน Lampang
A-1048,086-753-5458,a1048@protonmail.com,930 ถนน พหลโยธิน Bangkok
A-1057,083-252-7078,a1057@gmail.com,778 ถนน สีลม Nonthaburi
A-1058,088-203-4262,a1058@yahoo.com,357 ถนน สีลม Udon Thani
A-1059,083-611-5544,a1059@outlook.com,833 ถนน ลาดพร้าว Phuket
A-1160,088-458-5767,a1160@hotmail.com,966 ถนน เพชรบุรี Songkhla
A-1161,087-850-1641,a1161@hotmail.com,953 ถนน ลาดพร้าว Rayong
A-1090,081-803-4588,a1090@hotmail.com,403 ถนน ลาดพร้าว Surat Thani
A-1091,083-122-5503,a1091@gmail.com,786 ถนน รัชดาภิเษก Chonburi
A-1092,089-283-8094,a1092@gmail.com,435 ถนน ลาดพร้าว Songkhla
A-1093,081-350-3476,a1093@yahoo.com,517 ถนน พหลโยธิน Nakhon Ratchasima
A-1094,084-763-5991,a1094@yahoo.com,409 ถนน สุขุมวิท Chiang Rai
A-1095,087-421-7634,a1095@hotmail.com,688 ถนน พหลโยธิน Nakhon Ratchasima
A-1096,087-554-8860,a1096@gmail.com,451 ถนน สีลม Bangkok
A-1097,082-826-2370,a1097@yahoo.com,257 ถนน รัชดาภิเษก Bangkok
A-1098,084-625-4712,a1098@gmail.com,503 ถนน ลาดพร้าว Khon Kaen
A-1099,081-874-5130,a1099@hotmail.com,442 ถนน เพชรบุรี Phuket
A-1100,086-291-2218,a1100@hotmail.com,782 ถนน สีลม Khon Kaen
A-1101,088-704-9681,a1101@yahoo.com,729 ถนน สีลม Udon Thani
A-1102,086-944-7769,a1102@gmail.com,955 ถนน รัชดาภิเษก Samut Prakan
A-1103,084-652-2007,a1103@outlook.com,109 ถนน สุขุมวิท Samut Prakan
A-1104,085-559-6013,a1104@outlook.com,612 ถนน เพชรบุรี Khon Kaen
A-1105,086-150-8210,a1105@yahoo.com,485 ถนน สีลม Khon Kaen
A-1106,085-623-6788,a1106@gmail.com,300 ถนน สุขุมวิท Khon Kaen
A-1107,086-140-2567,a1107@hotmail.com,937 ถนน พหลโยธิน Surat Thani
A-1108,088-732-1925,a1108@outlook.com,680 ถนน เพชรบุรี Lampang
A-1109,085-428-8188,a1109@gmail.com,399 ถนน ลาดพร้าว Udon Thani
A-1110,081-894-6699,a1110@gmail.com,248 ถนน รัชดาภิเษก Nonthaburi
A-1111,084-319-6651,a1111@outlook.com,229 ถนน สุขุมวิท Surat Thani
A-1112,089-323-7839,a1112@outlook.com,899 ถนน สุขุมวิท Nonthaburi
A-1113,085-728-3542,a1113@hotmail.com,337 ถนน รัชดาภิเษก Surat Thani
A-1114,083-547-4332,a1114@yahoo.com,875 ถนน สุขุมวิท Lampang
A-1115,088-214-5074,a1115@yahoo.com,965 ถนน พหลโยธิน Chonburi
A-1116,087-112-4355,a1116@gmail.com,632 ถนน ลาดพร้าว Lampang
A-1117,082-579-3482,a1117@gmail.com,192 ถนน เพชรบุรี Nakhon Ratchasima
A-1118,082-694-1160,a1118@yahoo.com,882 ถนน พหลโยธิน Udon Thani
A-1119,087-829-7485,a1119@gmail.com,478 ถนน พหลโยธิน Chiang Mai
A-1120,086-891-1926,a1120@gmail.com,122 ถนน เพชรบุรี Khon Kaen
A-1121,083-801-2572,a1121@gmail.com,460 ถนน ลาดพร้าว Khon Kaen
A-1122,089-623-5080,a1122@yahoo.com,159 ถนน รัชดาภิเษก Lampang
A-1123,083-418-4729,a1123@outlook.com,950 ถนน ลาดพร้าว Chonburi
A-1124,081-313-1568,a1124@hotmail.com,333 ถนน พหลโยธิน Surat Thani
A-1125,083-154-3067,a1125@hotmail.com,529 ถนน รัชดาภิเษก Surat Thani
A-1126,082-869-7736,a1126@gmail.com,859 ถนน พหลโยธิน Nakhon Ratchasima
A-1127,082-878-6528,a1127@outlook.com,927 ถนน พหลโยธิน Bangkok
A-1128,082-733-5209,a1128@yahoo.com,847 ถนน เพชรบุรี Nonthaburi
A-1129,084-456-8988,a1129@gmail.com,932 ถนน พหลโยธิน Samut Prakan
A-1130,083-353-6746,a1130@outlook.com,161 ถนน เพชรบุรี Nakhon Ratchasima
A-1131,082-889-3106,a1131@outlook.com,432 ถนน ลาดพร้าว Bangkok
A-1132,088-260-2131,a1132@yahoo.com,11 ถนน รัชดาภิเษก Chiang Rai
A-1133,086-358-1370,a1133@outlook.com,118 ถนน สุขุมวิท Nonthaburi
A-1134,085-372-3243,a1134@outlook.com,944 ถนน ลาดพร้าว Nonthaburi
A-1135,083-238-4307,a1135@yahoo.com,950 ถนน เพชรบุรี Songkhla
A-1136,085-620-2064,a1136@yahoo.com,929 ถนน สุขุมวิท Chonburi
A-1137,084-768-1434,a1137@yahoo.com,874 ถนน สุขุมวิท Khon Kaen
A-1138,081-805-7192,a1138@yahoo.com,990 ถนน เพชรบุรี Songkhla
A-1139,081-144-3464,a1139@yahoo.com,45 ถนน ลาดพร้าว Phuket
A-1140,084-879-9072,a1140@hotmail.com,407 ถนน สุขุมวิท Phuket
A-1141,088-567-6049,a1141@outlook.com,618 ถนน พหลโยธิน Chonburi
A-1142,089-515-5720,a1142@yahoo.com,583 ถนน สุขุมวิท Rayong
A-1143,086-998-8011,a1143@hotmail.com,614 ถนน สุขุมวิท Rayong
A-1144,084-521-8506,a1144@yahoo.com,311 ถนน พหลโยธิน Phuket
A-1145,087-286-5573,a1145@yahoo.com,696 ถนน สีลม Nakhon Ratchasima
A-1146,085-174-5719,a1146@yahoo.com,244 ถนน รัชดาภิเษก Nonthaburi
A-1147,087-934-5206,a1147@yahoo.com,243 ถนน รัชดาภิเษก Udon Thani
A-1148,085-122-2884,a1148@yahoo.com,190 ถนน พหลโยธิน Chiang Rai
A-1149,088-367-5375,a1149@hotmail.com,863 ถนน รัชดาภิเษก Bangkok
A-1150,088-150-6374,a1150@gmail.com,166 ถนน พหลโยธิน Chonburi
A-1151,082-898-2530,a1151@hotmail.com,238 ถนน พหลโยธิน Surat Thani
A-1152,089-432-1708,a1152@outlook.com,399 ถนน รัชดาภิเษก Nakhon Ratchasima
A-1153,083-118-4120,a1153@hotmail.com,111 ถนน เพชรบุรี Surat Thani
A-1154,087-948-7883,a1154@yahoo.com,491 ถนน พหลโยธิน Pathum Thani
A-1155,083-697-3572,a1155@outlook.com,819 ถนน ลาดพร้าว Chiang Rai
A-1156,089-971-4654,a1156@hotmail.com,682 ถนน รัชดาภิเษก Samut Prakan
A-1157,082-989-1815,a1157@yahoo.com,149 ถนน สุขุมวิท Rayong
A-1158,082-336-9964,a1158@outlook.com,107 ถนน รัชดาภิเษก Khon Kaen
A-1159,088-148-9476,a1159@outlook.com,20 ถนน สุขุมวิท Chiang Mai
A-1720,088-676-7579,a1720@gmail.com,617 ถนน เพชรบุรี Phuket
A-1721,082-381-5280,a1721@hotmail.com,829 ถนน สุขุมวิท Chiang Mai
A-1722,088-900-8309,a1722@yahoo.com,130 ถนน สีลม Pathum Thani
A-1723,087-679-8578,a1723@hotmail.com,914 ถนน พหลโยธิน Chonburi
A-1724,083-717-4137,a1724@gmail.com,68 ถนน พหลโยธิน Rayong
A-1725,084-833-8528,a1725@gmail.com,278 ถนน พหลโยธิน Chiang Rai
A-1726,088-770-5169,a1726@outlook.com,992 ถนน พหลโยธิน Pathum Thani
A-1727,087-891-2465,a1727@yahoo.com,110 ถนน สุขุมวิท Lampang
A-1728,084-537-5421,a1728@gmail.com,989 ถนน สีลม Pathum Thani
A-1729,081-140-9407,a1729@gmail.com,143 ถนน เพชรบุรี Chiang Rai
A-1730,088-284-5664,a1730@yahoo.com,759 ถนน เพชรบุรี Pathum Thani
A-1731,081-901-9684,a1731@gmail.com,120 ถนน สุขุมวิท Lampang
A-1732,087-278-3246,a1732@hotmail.com,809 ถนน เพชรบุรี Samut Prakan
A-1733,082-430-2544,a1733@gmail.com,729 ถนน สุขุมวิท Nakhon Ratchasima
A-1734,081-939-4627,a1734@hotmail.com,59 ถนน พหลโยธิน Samut Prakan
A-1735,081-979-9861,a1735@outlook.com,504 ถนน พหลโยธิน Chonburi
A-1736,082-522-7278,a1736@outlook.com,960 ถนน สีลม Samut Prakan
A-1737,084-224-7658,a1737@outlook.com,721 ถนน รัชดาภิเษก Surat Thani
A-1738,083-224-3649,a1738@yahoo.com,925 ถนน เพชรบุรี Surat Thani
A-1739,086-905-5920,a1739@gmail.com,287 ถนน สุขุมวิท Rayong
A-1740,084-870-8892,a1740@outlook.com,293 ถนน รัชดาภิเษก Pathum Thani
A-1741,084-786-8431,a1741@gmail.com,2 ถนน สีลม Lampang
A-1742,084-989-9049,a1742@hotmail.com,690 ถนน พหลโยธิน Pathum Thani
A-1743,088-436-7088,a1743@hotmail.com,478 ถนน พหลโยธิน Khon Kaen
A-1744,081-241-5420,a1744@gmail.com,990 ถนน สีลม Lampang
A-1745,085-213-3920,a1745@hotmail.com,717 ถนน พหลโยธิน Chiang Mai
A-1746,084-129-7725,a1746@gmail.com,250 ถนน สีลม Rayong
A-1747,087-265-2565,a1747@gmail.com,857 ถนน พหลโยธิน Chiang Mai
A-1748,081-139-1365,a1748@gmail.com,819 ถนน รัชดาภิเษก Chiang Mai
A-1749,089-108-6656,a1749@hotmail.com,479 ถนน พหลโยธิน Pathum Thani
A-1750,081-480-7170,a1750@yahoo.com,122 ถนน เพชรบุรี Chonburi
A-1751,083-131-6666,a1751@hotmail.com,963 ถนน พหลโยธิน Bangkok
A-1752,082-459-4015,a1752@gmail.com,536 ถนน ลาดพร้าว Udon Thani
A-1753,089-412-4820,a1753@yahoo.com,235 ถนน รัชดาภิเษก Khon Kaen
A-1754,087-835-1634,a1754@hotmail.com,211 ถนน พหลโยธิน Songkhla
A-1755,084-327-9265,a1755@hotmail.com,549 ถนน ลาดพร้าว Khon Kaen
A-1756,083-170-5956,a1756@hotmail.com,386 ถนน สีลม Lampang
A-1757,088-938-5305,a1757@yahoo.com,367 ถนน เพชรบุรี Udon Thani
A-1758,085-672-6365,a1758@yahoo.com,274 ถนน ลาดพร้าว Chonburi
A-1759,086-929-8338,a1759@yahoo.com,423 ถนน สุขุมวิท Rayong
A-1760,081-896-1814,a1760@outlook.com,697 ถนน เพชรบุรี Chiang Rai
A-1761,088-633-9672,a1761@hotmail.com,703 ถนน สุขุมวิท Nakhon Ratchasima
A-1762,085-813-8494,a1762@hotmail.com,42 ถนน เพชรบุรี Chiang Mai
A-1763,082-289-2638,a1763@gmail.com,280 ถนน พหลโยธิน Lampang
A-1764,088-756-9145,a1764@hotmail.com,633 ถนน สุขุมวิท Samut Prakan
A-1765,087-328-3703,a1765@hotmail.com,18 ถนน สุขุมวิท Nonthaburi
A-1766,081-353-2284,a1766@gmail.com,463 ถนน สีลม Surat Thani
A-1767,082-778-3266,a1767@outlook.com,693 ถนน พหลโยธิน Surat Thani
A-1768,088-490-1139,a1768@outlook.com,890 ถนน ลาดพร้าว Chonburi
A-1769,083-331-3458,a1769@hotmail.com,693 ถนน พหลโยธิน Nakhon Ratchasima
A-1770,089-789-3679,a1770@yahoo.com,967 ถนน รัชดาภิเษก Nakhon Ratchasima
A-1771,087-299-3602,a1771@yahoo.com,229 ถนน สีลม Pathum Thani
A-1772,084-653-8341,a1772@outlook.com,961 ถนน พหลโยธิน Nakhon Ratchasima
A-1773,088-528-7651,a1773@yahoo.com,903 ถนน สุขุมวิท Rayong
A-1774,085-295-1157,a1774@hotmail.com,427 ถนน ลาดพร้าว Bangkok
A-1775,089-191-5219,a1775@gmail.com,416 ถนน สีลม Lampang
A-1776,085-188-3412,a1776@gmail.com,911 ถนน ลาดพร้าว Songkhla
A-1777,083-482-8661,a1777@outlook.com,643 ถนน สุขุมวิท Lampang
A-1778,089-993-2801,a1778@gmail.com,493 ถนน พหลโยธิน Nonthaburi
A-1779,081-973-7367,a1779@gmail.com,379 ถนน ลาดพร้าว Nonthaburi
A-1780,087-632-9795,a1780@yahoo.com,667 ถนน เพชรบุรี Samut Prakan
A-1781,083-887-6809,a1781@hotmail.com,282 ถนน สุขุมวิท Surat Thani
A-1162,083-627-7984,a1162@yahoo.com,432 ถนน สุขุมวิท Chiang Mai
A-1163,085-125-8092,a1163@yahoo.com,545 ถนน ลาดพร้าว Chonburi
A-1164,088-455-1402,a1164@yahoo.com,168 ถนน สุขุมวิท Nonthaburi
A-1165,086-137-3653,a1165@gmail.com,374 ถนน รัชดาภิเษก Samut Prakan
A-1166,082-192-6046,a1166@hotmail.com,459 ถนน สุขุมวิท Chiang Rai
A-1167,083-692-5459,a1167@hotmail.com,972 ถนน รัชดาภิเษก Chonburi
A-1168,086-368-5710,a1168@yahoo.com,294 ถนน รัชดาภิเษก Bangkok
A-1169,089-252-5258,a1169@outlook.com,710 ถนน ลาดพร้าว Bangkok
A-1170,088-260-4073,a1170@gmail.com,954 ถนน พหลโยธิน Rayong
A-1171,085-589-9752,a1171@yahoo.com,649 ถนน เพชรบุรี Lampang
A-1172,084-863-8056,a1172@yahoo.com,645 ถนน ลาดพร้าว Phuket
A-1173,081-788-3341,a1173@yahoo.com,722 ถนน สุขุมวิท Chonburi
A-1174,085-621-3622,a1174@outlook.com,896 ถนน สุขุมวิท Chiang Mai
A-1175,085-571-9597,a1175@gmail.com,211 ถนน เพชรบุรี Chonburi
A-1176,084-351-3937,a1176@gmail.com,622 ถนน พหลโยธิน Udon Thani
A-1177,081-905-6577,a1177@yahoo.com,111 ถนน ลาดพร้าว Nakhon Ratchasima
A-1178,086-486-8148,a1178@yahoo.com,407 ถนน เพชรบุรี Nonthaburi
A-1179,086-245-9069,a1179@gmail.com,272 ถนน สุขุมวิท Songkhla
A-1180,083-833-4474,a1180@hotmail.com,164 ถนน สีลม Phuket
A-1181,086-746-4363,a1181@yahoo.com,955 ถนน รัชดาภิเษก Khon Kaen
A-1182,088-376-6947,a1182@outlook.com,448 ถนน สีลม Nakhon Ratchasima
A-1183,085-840-2206,a1183@yahoo.com,879 ถนน สีลม Phuket
A-1184,085-228-3252,a1184@gmail.com,251 ถนน สุขุมวิท Chonburi
A-1185,089-112-1142,a1185@gmail.com,536 ถนน รัชดาภิเษก Nakhon Ratchasima
A-1186,081-935-1360,a1186@outlook.com,423 ถนน สีลม Lampang
A-1187,089-274-8388,a1187@yahoo.com,921 ถนน ลาดพร้าว Chonburi
A-1188,082-551-8994,a1188@outlook.com,201 ถนน เพชรบุรี Phuket
A-1189,087-934-3782,a1189@outlook.com,155 ถนน รัชดาภิเษก Samut Prakan
A-1190,089-264-3343,a1190@gmail.com,96 ถนน ลาดพร้าว Songkhla
A-1191,089-410-8698,a1191@outlook.com,90 ถนน สุขุมวิท Nonthaburi
A-1192,089-877-5644,a1192@yahoo.com,185 ถนน รัชดาภิเษก Surat Thani
A-1193,084-204-1977,a1193@gmail.com,468 ถนน สุขุมวิท Chiang Mai
A-1194,085-842-3533,a1194@hotmail.com,642 ถนน รัชดาภิเษก Nakhon Ratchasima
A-1195,082-833-9631,a1195@hotmail.com,465 ถนน สุขุมวิท Rayong
A-1196,084-371-5399,a1196@yahoo.com,781 ถนน พหลโยธิน Phuket
A-1197,088-794-8890,a1197@yahoo.com,765 ถนน สีลม Chonburi
A-1198,086-940-3381,a1198@gmail.com,682 ถนน ลาดพร้าว Chonburi
A-1199,082-132-5021,a1199@yahoo.com,524 ถนน ลาดพร้าว Khon Kaen
A-1200,083-413-9579,a1200@hotmail.com,630 ถนน สีลม Rayong
A-1201,088-113-5530,a1201@hotmail.com,519 ถนน สีลม Pathum Thani
A-1202,086-688-5997,a1202@gmail.com,414 ถนน สีลม Nakhon Ratchasima
A-1203,083-627-5504,a1203@gmail.com,431 ถนน พหลโยธิน Samut Prakan
A-1204,086-792-2852,a1204@outlook.com,918 ถนน เพชรบุรี Khon Kaen
A-1205,088-484-7709,a1205@yahoo.com,413 ถนน รัชดาภิเษก Songkhla
A-1206,085-949-5820,a1206@gmail.com,687 ถนน พหลโยธิน Bangkok
A-1207,081-651-6446,a1207@yahoo.com,910 ถนน สุขุมวิท Khon Kaen
A-1208,086-387-5681,a1208@yahoo.com,978 ถนน ลาดพร้าว Surat Thani
A-1209,083-332-8993,a1209@outlook.com,92 ถนน สุขุมวิท Nakhon Ratchasima
A-1210,086-602-8130,a1210@yahoo.com,208 ถนน ลาดพร้าว Samut Prakan
A-1211,084-585-4113,a1211@hotmail.com,340 ถนน สีลม Songkhla
A-1212,086-372-5304,a1212@yahoo.com,49 ถนน พหลโยธิน Pathum Thani
A-1213,083-150-6047,a1213@outlook.com,251 ถนน สุขุมวิท Khon Kaen
A-1214,084-314-1951,a1214@outlook.com,197 ถนน สีลม Rayong
A-1215,087-695-3370,a1215@hotmail.com,801 ถนน สุขุมวิท Lampang
A-1216,081-968-4055,a1216@outlook.com,958 ถนน เพชรบุรี Rayong
A-1217,083-267-2262,a1217@outlook.com,973 ถนน พหลโยธิน Udon Thani
A-1218,081-174-1293,a1218@gmail.com,855 ถนน รัชดาภิเษก Samut Prakan
A-1219,086-665-8080,a1219@yahoo.com,76 ถนน รัชดาภิเษก Bangkok
A-1220,082-419-9005,a1220@outlook.com,42 ถนน รัชดาภิเษก Pathum Thani
A-1221,083-838-7896,a1221@gmail.com,39 ถนน พหลโยธิน Khon Kaen
A-1222,082-695-3653,a1222@outlook.com,13 ถนน สีลม Songkhla
A-1223,082-953-1060,a1223@hotmail.com,554 ถนน สุขุมวิท Lampang
A-1472,089-947-1683,a1472@gmail.com,622 ถนน ลาดพร้าว Chiang Rai
A-1473,089-828-9885,a1473@gmail.com,206 ถนน สีลม Lampang
A-1474,087-490-6172,a1474@hotmail.com,774 ถนน พหลโยธิน Surat Thani
A-1475,084-872-8514,a1475@yahoo.com,577 ถนน สีลม Chonburi
A-1476,088-126-3282,a1476@yahoo.com,105 ถนน สุขุมวิท Phuket
A-1477,089-952-8865,a1477@hotmail.com,620 ถนน สีลม Phuket
A-1478,081-843-4490,a1478@hotmail.com,150 ถนน เพชรบุรี Lampang
A-1479,088-396-7657,a1479@hotmail.com,877 ถนน สุขุมวิท Pathum Thani
A-1480,088-788-3726,a1480@yahoo.com,845 ถนน สุขุมวิท Nonthaburi
A-1481,085-109-2284,a1481@yahoo.com,532 ถนน สุขุมวิท Chiang Mai
A-1482,084-661-1260,a1482@yahoo.com,404 ถนน ลาดพร้าว Pathum Thani
A-1483,081-214-7924,a1483@yahoo.com,127 ถนน สุขุมวิท Bangkok
A-1484,088-148-7002,a1484@outlook.com,205 ถนน เพชรบุรี Samut Prakan
A-1485,083-645-6921,a1485@outlook.com,870 ถนน สุขุมวิท Lampang
A-1486,083-827-3930,a1486@yahoo.com,37 ถนน เพชรบุรี Songkhla
A-1487,088-941-9814,a1487@yahoo.com,828 ถนน พหลโยธิน Khon Kaen
A-1488,087-748-6963,a1488@outlook.com,321 ถนน รัชดาภิเษก Samut Prakan
A-1489,084-816-5587,a1489@gmail.com,368 ถนน สุขุมวิท Songkhla
A-1490,088-970-5118,a1490@hotmail.com,517 ถนน เพชรบุรี Nakhon Ratchasima
A-1491,089-819-7769,a1491@outlook.com,400 ถนน รัชดาภิเษก Pathum Thani
A-1492,083-994-5608,a1492@yahoo.com,56 ถนน พหลโยธิน Samut Prakan
A-1493,086-895-5344,a1493@hotmail.com,843 ถนน พหลโยธิน Surat Thani
A-1494,083-274-2497,a1494@yahoo.com,135 ถนน สุขุมวิท Samut Prakan
A-1495,089-306-7207,a1495@gmail.com,615 ถนน เพชรบุรี Udon Thani
A-1496,089-310-7595,a1496@hotmail.com,221 ถนน รัชดาภิเษก Surat Thani
A-1497,086-141-1969,a1497@gmail.com,277 ถนน เพชรบุรี Lampang
A-1498,084-753-6600,a1498@gmail.com,340 ถนน รัชดาภิเษก Pathum Thani
A-1499,084-523-5289,a1499@outlook.com,474 ถนน สุขุมวิท Chonburi
A-1500,082-894-1785,a1500@outlook.com,551 ถนน พหลโยธิน Bangkok
A-1501,084-980-1696,a1501@yahoo.com,646 ถนน พหลโยธิน Pathum Thani
A-1502,081-143-3453,a1502@outlook.com,779 ถนน ลาดพร้าว Nakhon Ratchasima
A-1503,083-684-2932,a1503@hotmail.com,329 ถนน ลาดพร้าว Chonburi
A-1504,089-772-7501,a1504@gmail.com,321 ถนน เพชรบุรี Phuket
A-1505,081-354-3649,a1505@gmail.com,460 ถนน สุขุมวิท Chiang Rai
A-1506,085-258-2705,a1506@yahoo.com,725 ถนน เพชรบุรี Khon Kaen
A-1507,085-677-6779,a1507@gmail.com,422 ถนน รัชดาภิเษก Chiang Rai
A-1508,081-983-4321,a1508@outlook.com,489 ถนน สีลม Chonburi
A-1509,089-657-5483,a1509@outlook.com,19 ถนน สีลม Phuket
A-1510,082-717-2100,a1510@yahoo.com,848 ถนน เพชรบุรี Surat Thani
A-1511,084-608-5577,a1511@yahoo.com,683 ถนน รัชดาภิเษก Songkhla
A-1512,081-490-5382,a1512@yahoo.com,263 ถนน สีลม Lampang
A-1513,089-507-6455,a1513@yahoo.com,536 ถนน พหลโยธิน Khon Kaen
A-1514,087-457-6166,a1514@hotmail.com,528 ถนน ลาดพร้าว Chiang Mai
A-1515,081-393-4347,a1515@outlook.com,939 ถนน สีลม Songkhla
A-1516,081-760-1357,a1516@hotmail.com,37 ถนน รัชดาภิเษก Songkhla
A-1517,087-209-6323,a1517@gmail.com,873 ถนน ลาดพร้าว Nonthaburi
A-1518,087-141-3653,a1518@yahoo.com,153 ถนน รัชดาภิเษก Samut Prakan
A-1519,084-431-2590,a1519@yahoo.com,148 ถนน เพชรบุรี Khon Kaen
A-1520,087-551-3819,a1520@hotmail.com,880 ถนน สุขุมวิท Songkhla
A-1521,087-157-7677,a1521@outlook.com,900 ถนน รัชดาภิเษก Songkhla
A-1522,086-298-1526,a1522@yahoo.com,740 ถนน รัชดาภิเษก Surat Thani
A-1523,082-459-7731,a1523@yahoo.com,330 ถนน รัชดาภิเษก Phuket
A-1524,084-613-7962,a1524@yahoo.com,522 ถนน สีลม Samut Prakan
A-1525,084-272-4932,a1525@outlook.com,840 ถนน สุขุมวิท Rayong
A-1526,084-432-4128,a1526@yahoo.com,199 ถนน รัชดาภิเษก Lampang
A-1527,083-522-8366,a1527@hotmail.com,466 ถนน เพชรบุรี Phuket
A-1528,086-882-6498,a1528@outlook.com,439 ถนน รัชดาภิเษก Surat Thani
A-1529,088-953-4465,a1529@gmail.com,990 ถนน เพชรบุรี Pathum Thani
A-1530,089-820-6594,a1530@gmail.com,235 ถนน สีลม Udon Thani
A-1531,083-553-5230,a1531@yahoo.com,478 ถนน สีลม Chiang Mai
A-1532,086-524-3300,a1532@hotmail.com,932 ถนน สีลม Nakhon Ratchasima
A-1533,085-574-5220,a1533@gmail.com,624 ถนน ลาดพร้าว Chiang Mai
A-1596,088-238-8840,a1596@gmail.com,952 ถนน รัชดาภิเษก Bangkok
A-1597,088-572-3447,a1597@outlook.com,438 ถนน เพชรบุรี Khon Kaen
A-1598,081-675-5452,a1598@outlook.com,927 ถนน รัชดาภิเษก Rayong
A-1599,086-183-8005,a1599@yahoo.com,343 ถนน พหลโยธิน Nonthaburi
A-1600,081-795-5824,a1600@outlook.com,245 ถนน เพชรบุรี Chonburi
A-1601,089-741-6914,a1601@outlook.com,177 ถนน สีลม Lampang
A-1602,089-943-7769,a1602@outlook.com,958 ถนน พหลโยธิน Lampang
A-1603,089-321-2253,a1603@hotmail.com,478 ถนน เพชรบุรี Songkhla
A-1604,085-756-8563,a1604@outlook.com,402 ถนน สุขุมวิท Udon Thani
A-1605,087-705-4159,a1605@gmail.com,698 ถนน รัชดาภิเษก Surat Thani
A-1606,088-665-2523,a1606@gmail.com,675 ถนน พหลโยธิน Chiang Mai
A-1607,089-795-4148,a1607@yahoo.com,204 ถนน ลาดพร้าว Chiang Rai
A-1608,081-812-3465,a1608@gmail.com,300 ถนน เพชรบุรี Khon Kaen
A-1609,086-646-4764,a1609@hotmail.com,834 ถนน เพชรบุรี Songkhla
A-1610,088-514-4457,a1610@yahoo.com,278 ถนน เพชรบุรี Nonthaburi
A-1611,086-713-7655,a1611@gmail.com,642 ถนน พหลโยธิน Samut Prakan
A-1612,088-383-8709,a1612@yahoo.com,590 ถนน สีลม Chonburi
A-1613,081-689-7585,a1613@hotmail.com,994 ถนน รัชดาภิเษก Udon Thani
A-1614,085-274-9085,a1614@hotmail.com,38 ถนน สุขุมวิท Chiang Mai
A-1615,086-326-7529,a1615@gmail.com,909 ถนน สุขุมวิท Chiang Mai
A-1616,081-310-6407,a1616@yahoo.com,789 ถนน พหลโยธิน Surat Thani
A-1617,087-768-8933,a1617@yahoo.com,855 ถนน สุขุมวิท Songkhla
A-1618,085-710-2828,a1618@hotmail.com,517 ถนน ลาดพร้าว Songkhla
A-1619,087-799-8711,a1619@hotmail.com,967 ถนน เพชรบุรี Songkhla
A-1620,084-309-2276,a1620@hotmail.com,927 ถนน ลาดพร้าว Udon Thani
A-1621,083-265-7755,a1621@hotmail.com,6 ถนน พหลโยธิน Chiang Rai
A-1622,084-362-1171,a1622@yahoo.com,222 ถนน ลาดพร้าว Nakhon Ratchasima
A-1623,086-620-4760,a1623@outlook.com,994 ถนน พหลโยธิน Pathum Thani
A-1624,085-115-7928,a1624@hotmail.com,269 ถนน รัชดาภิเษก Lampang
A-1625,082-418-1532,a1625@yahoo.com,560 ถนน พหลโยธิน Nonthaburi
A-1626,086-482-3291,a1626@outlook.com,748 ถนน เพชรบุรี Phuket
A-1627,083-929-4967,a1627@outlook.com,628 ถนน พหลโยธิน Chiang Rai
A-1628,081-632-6775,a1628@hotmail.com,331 ถนน ลาดพร้าว Chiang Mai
A-1629,085-122-1606,a1629@yahoo.com,301 ถนน ลาดพร้าว Khon Kaen
A-1630,084-818-5414,a1630@gmail.com,460 ถนน สุขุมวิท Nakhon Ratchasima
A-1631,088-565-4308,a1631@hotmail.com,778 ถนน รัชดาภิเษก Chiang Mai
A-1632,084-968-6140,a1632@outlook.com,560 ถนน ลาดพร้าว Samut Prakan
A-1633,085-927-7638,a1633@outlook.com,442 ถนน ลาดพร้าว Lampang
A-1634,088-681-4450,a1634@yahoo.com,390 ถนน พหลโยธิน Songkhla
A-1635,081-585-1588,a1635@yahoo.com,78 ถนน พหลโยธิน Rayong
A-1636,088-660-6057,a1636@hotmail.com,467 ถนน ลาดพร้าว Chonburi
A-1637,081-763-9266,a1637@hotmail.com,210 ถนน ลาดพร้าว Chonburi
A-1638,084-482-8081,a1638@yahoo.com,762 ถนน ลาดพร้าว Songkhla
A-1639,084-392-4448,a1639@yahoo.com,194 ถนน เพชรบุรี Khon Kaen
A-1640,083-679-2859,a1640@gmail.com,393 ถนน ลาดพร้าว Lampang
A-1641,081-778-1231,a1641@hotmail.com,408 ถนน สุขุมวิท Bangkok
A-1642,086-887-4827,a1642@outlook.com,990 ถนน เพชรบุรี Lampang
A-1643,081-525-1765,a1643@hotmail.com,728 ถนน สุขุมวิท Chiang Rai
A-1644,085-922-8227,a1644@hotmail.com,958 ถนน พหลโยธิน Chiang Mai
A-1645,082-511-7991,a1645@hotmail.com,512 ถนน สีลม Chiang Mai
A-1646,087-121-2067,a1646@hotmail.com,124 ถนน พหลโยธิน Chiang Rai
A-1647,085-942-7725,a1647@gmail.com,695 ถนน สีลม Lampang
A-1648,087-330-3499,a1648@gmail.com,471 ถนน รัชดาภิเษก Bangkok
A-1649,086-950-1744,a1649@outlook.com,9 ถนน พหลโยธิน Surat Thani
A-1650,086-669-8536,a1650@yahoo.com,268 ถนน เพชรบุรี Samut Prakan
A-1651,085-502-2417,a1651@outlook.com,913 ถนน เพชรบุรี Chiang Rai
A-1652,088-306-6019,a1652@gmail.com,175 ถนน เพชรบุรี Chiang Rai
A-1653,083-869-4304,a1653@gmail.com,817 ถนน สีลม Nakhon Ratchasima
A-1654,089-713-3564,a1654@hotmail.com,734 ถนน ลาดพร้าว Nakhon Ratchasima
A-1655,083-194-4202,a1655@yahoo.com,311 ถนน เพชรบุรี Pathum Thani
A-1656,084-123-7315,a1656@outlook.com,332 ถนน เพชรบุรี Lampang
A-1657,083-976-2715,a1657@hotmail.com,787 ถนน รัชดาภิเษก Chiang Mai
A-1968,089-975-7757,a1968@gmail.com,944 ถนน ลาดพร้าว Songkhla
A-1969,082-270-5687,a1969@outlook.com,990 ถนน ลาดพร้าว Songkhla
A-1970,086-968-6789,a1970@hotmail.com,16 ถนน สุขุมวิท Surat Thani
A-1971,086-686-2784,a1971@hotmail.com,844 ถนน สีลม Bangkok
A-1972,084-679-6859,a1972@gmail.com,343 ถนน สีลม Chiang Rai
A-1973,083-827-8656,a1973@outlook.com,383 ถนน สุขุมวิท Lampang
A-1974,085-165-7424,a1974@yahoo.com,237 ถนน สีลม Pathum Thani
A-1975,082-303-3879,a1975@gmail.com,69 ถนน พหลโยธิน Pathum Thani
A-1976,086-694-1746,a1976@yahoo.com,694 ถนน สุขุมวิท Nonthaburi
A-1977,082-634-7680,a1977@gmail.com,534 ถนน พหลโยธิน Chiang Mai
A-1978,089-933-4993,a1978@yahoo.com,973 ถนน เพชรบุรี Rayong
A-1979,082-285-5415,a1979@hotmail.com,855 ถนน สีลม Chonburi
A-1980,087-242-3497,a1980@yahoo.com,144 ถนน ลาดพร้าว Pathum Thani
A-1981,089-224-7064,a1981@outlook.com,438 ถนน ลาดพร้าว Bangkok
A-1982,083-783-5467,a1982@hotmail.com,677 ถนน พหลโยธิน Khon Kaen
A-1983,087-180-5860,a1983@gmail.com,68 ถนน เพชรบุรี Samut Prakan
A-1984,087-351-1759,a1984@hotmail.com,541 ถนน เพชรบุรี Samut Prakan
A-1985,082-875-6547,a1985@hotmail.com,857 ถนน รัชดาภิเษก Phuket
A-1986,086-585-7292,a1986@hotmail.com,789 ถนน สุขุมวิท Chiang Rai
A-1987,085-742-8595,a1987@yahoo.com,504 ถนน รัชดาภิเษก Chiang Mai
A-1988,086-101-9361,a1988@outlook.com,750 ถนน เพชรบุรี Songkhla
A-1989,086-251-3827,a1989@hotmail.com,444 ถนน สุขุมวิท Songkhla
A-1990,082-891-5747,a1990@gmail.com,586 ถนน ลาดพร้าว Chiang Rai
A-1991,083-651-4627,a1991@hotmail.com,699 ถนน สีลม Udon Thani
A-1992,084-912-4612,a1992@outlook.com,881 ถนน รัชดาภิเษก Chiang Rai
A-1993,086-522-8345,a1993@hotmail.com,593 ถนน รัชดาภิเษก Lampang
A-1994,083-275-4445,a1994@hotmail.com,464 ถนน ลาดพร้าว Chiang Mai
A-1995,081-542-4047,a1995@yahoo.com,613 ถนน รัชดาภิเษก Lampang
A-1996,086-816-1373,a1996@yahoo.com,512 ถนน พหลโยธิน Chonburi
A-1997,081-891-8560,a1997@yahoo.com,557 ถนน เพชรบุรี Nakhon Ratchasima
A-1998,087-874-8793,a1998@yahoo.com,333 ถนน เพชรบุรี Udon Thani
A-1999,089-374-3939,a1999@outlook.com,59 ถนน สุขุมวิท Chiang Rai
A-1060,085-389-1568,a1060@outlook.com,584 ถนน สุขุมวิท Nonthaburi
A-1061,081-366-2786,a1061@yahoo.com,516 ถนน ลาดพร้าว Surat Thani
A-1062,081-456-5053,a1062@outlook.com,391 ถนน เพชรบุรี Chonburi
A-1063,081-418-4825,a1063@yahoo.com,749 ถนน สีลม Bangkok
A-1064,085-429-6436,a1064@gmail.com,774 ถนน สุขุมวิท Samut Prakan
A-1065,085-476-9828,a1065@yahoo.com,145 ถนน เพชรบุรี Bangkok
A-1066,083-452-2789,a1066@hotmail.com,630 ถนน ลาดพร้าว Lampang
A-1067,081-227-4967,a1067@hotmail.com,908 ถนน รัชดาภิเษก Phuket
A-1068,088-507-1983,a1068@yahoo.com,656 ถนน เพชรบุรี Chonburi
A-1069,085-950-8814,a1069@outlook.com,530 ถนน รัชดาภิเษก Bangkok
A-1070,087-363-1882,a1070@hotmail.com,92 ถนน พหลโยธิน Udon Thani
A-1071,085-336-6515,a1071@outlook.com,55 ถนน สุขุมวิท Nonthaburi
A-1072,088-209-6514,a1072@yahoo.com,803 ถนน เพชรบุรี Nonthaburi
A-1073,087-574-2957,a1073@hotmail.com,984 ถนน เพชรบุรี Chiang Mai
A-1074,087-205-1955,a1074@outlook.com,430 ถนน สุขุมวิท Nonthaburi
A-1075,082-821-8411,a1075@gmail.com,695 ถนน พหลโยธิน Khon Kaen
A-1076,082-879-6336,a1076@gmail.com,690 ถนน สีลม Pathum Thani
A-1077,087-485-6101,a1077@outlook.com,792 ถนน ลาดพร้าว Chonburi
A-1078,083-564-3041,a1078@yahoo.com,564 ถนน เพชรบุรี Samut Prakan
A-1079,083-291-4161,a1079@gmail.com,890 ถนน ลาดพร้าว Samut Prakan
A-1080,089-850-3071,a1080@hotmail.com,20 ถนน สุขุมวิท Khon Kaen
A-1081,089-410-3136,a1081@outlook.com,106 ถนน พหลโยธิน Chiang Rai
A-1082,086-199-9186,a1082@outlook.com,809 ถนน สุขุมวิท Pathum Thani
A-1083,085-581-8149,a1083@gmail.com,497 ถนน ลาดพร้าว Chiang Mai
A-1084,089-224-5072,a1084@gmail.com,405 ถนน ลาดพร้าว Chonburi
A-1085,089-862-3566,a1085@yahoo.com,492 ถนน สุขุมวิท Khon Kaen
A-1086,081-571-9028,a1086@yahoo.com,386 ถนน เพชรบุรี Rayong
A-1087,088-270-3890,a1087@hotmail.com,349 ถนน พหลโยธิน Samut Prakan
A-1088,083-424-2818,a1088@gmail.com,41 ถนน ลาดพร้าว Udon Thani
A-1089,085-625-4616,a1089@outlook.com,755 ถนน สีลม Lampang
A-1906,088-238-7985,a1906@yahoo.com,72 ถนน เพชรบุรี Chonburi
A-1907,083-282-4911,a1907@gmail.com,57 ถนน เพชรบุรี Udon Thani
A-1908,083-112-2042,a1908@gmail.com,952 ถนน เพชรบุรี Nakhon Ratchasima
A-1909,082-477-5824,a1909@gmail.com,184 ถนน สุขุมวิท Phuket
A-1910,086-961-4497,a1910@hotmail.com,554 ถนน เพชรบุรี Samut Prakan
A-1911,085-494-9277,a1911@hotmail.com,259 ถนน พหลโยธิน Lampang
A-1912,081-798-9246,a1912@outlook.com,131 ถนน สุขุมวิท Songkhla
A-1913,085-858-8335,a1913@outlook.com,216 ถนน สีลม Udon Thani
A-1914,087-455-4169,a1914@gmail.com,808 ถนน รัชดาภิเษก Khon Kaen
A-1915,086-928-2468,a1915@gmail.com,880 ถนน สีลม Udon Thani
A-1916,085-283-5600,a1916@yahoo.com,910 ถนน สุขุมวิท Samut Prakan
A-1917,086-611-8380,a1917@gmail.com,732 ถนน เพชรบุรี Chiang Mai
A-1918,085-504-6758,a1918@gmail.com,148 ถนน สีลม Bangkok
A-1919,084-624-8761,a1919@hotmail.com,798 ถนน รัชดาภิเษก Rayong
A-1920,083-656-7543,a1920@outlook.com,214 ถนน รัชดาภิเษก Rayong
A-1921,085-177-9272,a1921@yahoo.com,115 ถนน สีลม Nonthaburi
A-1922,087-199-7489,a1922@yahoo.com,805 ถนน พหลโยธิน Surat Thani
A-1923,083-462-3258,a1923@gmail.com,866 ถนน ลาดพร้าว Udon Thani
A-1924,082-339-7875,a1924@outlook.com,892 ถนน รัชดาภิเษก Khon Kaen
A-1925,089-652-8171,a1925@outlook.com,292 ถนน เพชรบุรี Chiang Mai
A-1926,087-477-5507,a1926@hotmail.com,140 ถนน สีลม Nonthaburi
A-1927,089-167-8133,a1927@outlook.com,890 ถนน สุขุมวิท Rayong
A-1928,083-551-4917,a1928@yahoo.com,201 ถนน เพชรบุรี Chiang Mai
A-1929,085-688-2964,a1929@gmail.com,137 ถนน รัชดาภิเษก Lampang
A-1930,086-188-8437,a1930@outlook.com,560 ถนน ลาดพร้าว Nonthaburi
A-1931,085-709-4643,a1931@outlook.com,487 ถนน สีลม Songkhla
A-1932,087-157-6662,a1932@hotmail.com,961 ถนน สุขุมวิท Samut Prakan
A-1933,083-878-2112,a1933@outlook.com,78 ถนน สีลม Chonburi
A-1934,088-849-3270,a1934@hotmail.com,455 ถนน รัชดาภิเษก Bangkok
A-1935,086-623-7105,a1935@outlook.com,95 ถนน สุขุมวิท Khon Kaen
A-1936,084-226-4241,a1936@outlook.com,315 ถนน พหลโยธิน Udon Thani
A-1937,087-382-6331,a1937@gmail.com,470 ถนน สุขุมวิท Khon Kaen
A-1938,082-798-5454,a1938@hotmail.com,863 ถนน พหลโยธิน Samut Prakan
A-1939,086-838-9406,a1939@yahoo.com,192 ถนน ลาดพร้าว Phuket
A-1940,086-463-7773,a1940@outlook.com,563 ถนน สุขุมวิท Samut Prakan
A-1941,085-259-5170,a1941@hotmail.com,600 ถนน เพชรบุรี Songkhla
A-1942,083-148-1661,a1942@hotmail.com,515 ถนน สุขุมวิท Udon Thani
A-1943,089-123-6758,a1943@gmail.com,918 ถนน สุขุมวิท Songkhla
A-1944,089-245-8571,a1944@outlook.com,288 ถนน เพชรบุรี Chiang Rai
A-1945,083-750-7685,a1945@outlook.com,768 ถนน รัชดาภิเษก Chonburi
A-1946,083-445-7294,a1946@gmail.com,298 ถนน พหลโยธิน Songkhla
A-1947,082-120-7267,a1947@gmail.com,30 ถนน สีลม Khon Kaen
A-1948,082-819-3171,a1948@outlook.com,894 ถนน สุขุมวิท Surat Thani
A-1949,086-882-7568,a1949@gmail.com,228 ถนน เพชรบุรี Nonthaburi
A-1950,084-874-9924,a1950@outlook.com,876 ถนน ลาดพร้าว Songkhla
A-1951,085-306-2124,a1951@gmail.com,784 ถนน สุขุมวิท Nakhon Ratchasima
A-1952,081-279-7129,a1952@outlook.com,941 ถนน สุขุมวิท Chonburi
A-1953,083-943-8149,a1953@outlook.com,712 ถนน รัชดาภิเษก Udon Thani
A-1954,081-420-1651,a1954@hotmail.com,763 ถนน รัชดาภิเษก Surat Thani
A-1955,088-157-8723,a1955@hotmail.com,625 ถนน สุขุมวิท Bangkok
A-1956,089-794-8362,a1956@outlook.com,533 ถนน สีลม Nakhon Ratchasima
A-1957,086-107-7020,a1957@gmail.com,610 ถนน สุขุมวิท Songkhla
A-1958,081-370-6185,a1958@gmail.com,200 ถนน สุขุมวิท Chiang Rai
A-1959,087-258-3479,a1959@hotmail.com,311 ถนน เพชรบุรี Udon Thani
A-1960,085-690-2412,a1960@hotmail.com,371 ถนน ลาดพร้าว Chonburi
A-1961,085-692-7525,a1961@hotmail.com,675 ถนน ลาดพร้าว Bangkok
A-1962,081-170-1079,a1962@outlook.com,866 ถนน ลาดพร้าว Udon Thani
A-1963,084-896-3822,a1963@yahoo.com,734 ถนน ลาดพร้าว Lampang
A-1964,085-254-6912,a1964@yahoo.com,407 ถนน พหลโยธิน Samut Prakan
A-1965,085-828-3276,a1965@gmail.com,414 ถนน พหลโยธิน Phuket
A-1966,083-631-1848,a1966@yahoo.com,570 ถนน เพชรบุรี Udon Thani
A-1967,087-985-4545,a1967@gmail.com,617 ถนน สีลม Khon Kaen
A-1782,086-904-3487,a1782@hotmail.com,385 ถนน เพชรบุรี Chiang Rai
A-1783,089-698-3382,a1783@hotmail.com,558 ถนน สีลม Lampang
A-1784,084-655-3897,a1784@gmail.com,235 ถนน ลาดพร้าว Lampang
A-1785,089-994-6482,a1785@hotmail.com,694 ถนน ลาดพร้าว Chiang Rai
A-1786,082-717-1272,a1786@outlook.com,435 ถนน รัชดาภิเษก Surat Thani
A-1787,085-320-5587,a1787@hotmail.com,864 ถนน สุขุมวิท Nakhon Ratchasima
A-1788,086-481-1208,a1788@outlook.com,476 ถนน รัชดาภิเษก Nonthaburi
A-1789,089-423-6160,a1789@hotmail.com,845 ถนน พหลโยธิน Bangkok
A-1790,082-814-1970,a1790@hotmail.com,881 ถนน สุขุมวิท Phuket
A-1791,085-976-5888,a1791@hotmail.com,549 ถนน พหลโยธิน Surat Thani
A-1792,084-212-1758,a1792@outlook.com,462 ถนน ลาดพร้าว Nonthaburi
A-1793,084-544-4583,a1793@hotmail.com,736 ถนน สุขุมวิท Chiang Rai
A-1794,083-667-5946,a1794@gmail.com,777 ถนน สุขุมวิท Rayong
A-1795,087-481-7498,a1795@outlook.com,727 ถนน เพชรบุรี Surat Thani
A-1796,089-638-1015,a1796@outlook.com,277 ถนน สุขุมวิท Chiang Rai
A-1797,089-846-2385,a1797@gmail.com,206 ถนน เพชรบุรี Nakhon Ratchasima
A-1798,081-822-3892,a1798@gmail.com,411 ถนน สุขุมวิท Rayong
A-1799,086-185-8381,a1799@gmail.com,730 ถนน ลาดพร้าว Khon Kaen
A-1800,082-293-6160,a1800@yahoo.com,850 ถนน รัชดาภิเษก Nakhon Ratchasima
A-1801,082-797-2191,a1801@outlook.com,943 ถนน รัชดาภิเษก Udon Thani
A-1802,088-562-1193,a1802@gmail.com,200 ถนน พหลโยธิน Pathum Thani
A-1803,085-471-5127,a1803@gmail.com,618 ถนน เพชรบุรี Chiang Mai
A-1804,084-409-8108,a1804@gmail.com,890 ถนน พหลโยธิน Chonburi
A-1805,083-486-7823,a1805@hotmail.com,546 ถนน ลาดพร้าว Surat Thani
A-1806,086-140-6722,a1806@outlook.com,337 ถนน ลาดพร้าว Nonthaburi
A-1807,082-371-2581,a1807@hotmail.com,785 ถนน สุขุมวิท Surat Thani
A-1808,089-645-9529,a1808@hotmail.com,354 ถนน สีลม Pathum Thani
A-1809,081-934-1123,a1809@yahoo.com,362 ถนน เพชรบุรี Nakhon Ratchasima
A-1810,085-600-6880,a1810@yahoo.com,447 ถนน เพชรบุรี Chiang Mai
A-1811,081-620-6093,a1811@yahoo.com,86 ถนน สุขุมวิท Udon Thani
A-1812,082-576-4484,a1812@yahoo.com,39 ถนน สีลม Chonburi
A-1813,083-442-5127,a1813@gmail.com,283 ถนน เพชรบุรี Lampang
A-1814,081-766-3868,a1814@gmail.com,338 ถนน พหลโยธิน Khon Kaen
A-1815,082-921-7152,a1815@gmail.com,55 ถนน รัชดาภิเษก Khon Kaen
A-1816,089-312-8612,a1816@gmail.com,760 ถนน สุขุมวิท Chiang Rai
A-1817,084-230-4011,a1817@yahoo.com,864 ถนน สุขุมวิท Nonthaburi
A-1818,084-339-5692,a1818@hotmail.com,16 ถนน ลาดพร้าว Bangkok
A-1819,082-288-1376,a1819@gmail.com,136 ถนน สุขุมวิท Songkhla
A-1820,089-971-4582,a1820@outlook.com,157 ถนน สีลม Surat Thani
A-1821,082-359-7655,a1821@outlook.com,71 ถนน พหลโยธิน Nonthaburi
A-1822,083-183-1937,a1822@yahoo.com,232 ถนน สุขุมวิท Phuket
A-1823,084-951-8897,a1823@outlook.com,287 ถนน พหลโยธิน Songkhla
A-1824,084-219-8927,a1824@gmail.com,543 ถนน รัชดาภิเษก Songkhla
A-1825,082-258-6216,a1825@gmail.com,601 ถนน เพชรบุรี Pathum Thani
A-1826,082-392-5245,a1826@outlook.com,660 ถนน ลาดพร้าว Chiang Rai
A-1827,084-644-7018,a1827@hotmail.com,938 ถนน ลาดพร้าว Bangkok
A-1828,087-961-3330,a1828@yahoo.com,431 ถนน สีลม Rayong
A-1829,083-261-6203,a1829@gmail.com,31 ถนน สุขุมวิท Songkhla
A-1830,083-196-9404,a1830@gmail.com,752 ถนน พหลโยธิน Songkhla
A-1831,085-857-7084,a1831@outlook.com,973 ถนน เพชรบุรี Pathum Thani
A-1832,087-843-2916,a1832@outlook.com,899 ถนน สุขุมวิท Lampang
A-1833,085-635-5479,a1833@gmail.com,366 ถนน สีลม Nonthaburi
A-1834,084-850-1077,a1834@gmail.com,200 ถนน พหลโยธิน Udon Thani
A-1835,087-716-3179,a1835@outlook.com,661 ถนน รัชดาภิเษก Chiang Rai
A-1836,086-956-1411,a1836@yahoo.com,804 ถนน เพชรบุรี Songkhla
A-1837,089-918-9626,a1837@yahoo.com,597 ถนน เพชรบุรี Udon Thani
A-1838,083-291-5846,a1838@hotmail.com,232 ถนน เพชรบุรี Nakhon Ratchasima
A-1839,088-786-9534,a1839@gmail.com,176 ถนน พหลโยธิน Bangkok
A-1840,081-937-4233,a1840@outlook.com,98 ถนน รัชดาภิเษก Bangkok
A-1841,088-627-9754,a1841@yahoo.com,969 ถนน สีลม Surat Thani
A-1842,082-846-5135,a1842@gmail.com,964 ถนน สุขุมวิท Surat Thani
A-1843,089-630-7888,a1843@yahoo.com,138 ถนน พหลโยธิน Chiang Rai
A-1534,083-100-3951,a1534@outlook.com,868 ถนน ลาดพร้าว Songkhla
A-1535,088-290-7883,a1535@yahoo.com,76 ถนน พหลโยธิน Bangkok
A-1536,087-184-6778,a1536@outlook.com,14 ถนน สุขุมวิท Pathum Thani
A-1537,086-573-6302,a1537@hotmail.com,515 ถนน พหลโยธิน Chiang Mai
A-1538,089-576-9561,a1538@outlook.com,752 ถนน พหลโยธิน Surat Thani
A-1539,083-308-4405,a1539@gmail.com,864 ถนน สุขุมวิท Nakhon Ratchasima
A-1540,086-696-8487,a1540@outlook.com,289 ถนน เพชรบุรี Nakhon Ratchasima
A-1541,088-949-3008,a1541@hotmail.com,673 ถนน สุขุมวิท Samut Prakan
A-1542,088-993-8287,a1542@hotmail.com,499 ถนน สุขุมวิท Surat Thani
A-1543,085-460-3550,a1543@hotmail.com,86 ถนน สุขุมวิท Samut Prakan
A-1544,083-313-7842,a1544@yahoo.com,547 ถนน สีลม Chiang Mai
A-1545,084-569-2732,a1545@outlook.com,986 ถนน เพชรบุรี Bangkok
A-1546,085-146-6544,a1546@yahoo.com,148 ถนน สีลม Chiang Mai
A-1547,089-644-3860,a1547@yahoo.com,11 ถนน พหลโยธิน Chonburi
A-1548,088-241-5224,a1548@yahoo.com,944 ถนน สีลม Songkhla
A-1549,086-346-5441,a1549@outlook.com,630 ถนน สุขุมวิท Nakhon Ratchasima
A-1550,087-509-6235,a1550@hotmail.com,110 ถนน สีลม Chiang Rai
A-1551,081-799-1578,a1551@outlook.com,438 ถนน สีลม Samut Prakan
A-1552,088-638-3758,a1552@yahoo.com,217 ถนน สุขุมวิท Lampang
A-1553,082-929-3226,a1553@gmail.com,109 ถนน รัชดาภิเษก Bangkok
A-1554,086-354-7877,a1554@yahoo.com,993 ถนน รัชดาภิเษก Nonthaburi
A-1555,087-131-1336,a1555@gmail.com,629 ถนน เพชรบุรี Bangkok
A-1556,082-526-6216,a1556@gmail.com,470 ถนน สีลม Khon Kaen
A-1557,087-767-9252,a1557@gmail.com,711 ถนน ลาดพร้าว Samut Prakan
A-1558,085-825-9254,a1558@hotmail.com,610 ถนน ลาดพร้าว Udon Thani
A-1559,089-940-3771,a1559@gmail.com,9 ถนน เพชรบุรี Chiang Rai
A-1560,084-638-3608,a1560@outlook.com,438 ถนน ลาดพร้าว Phuket
A-1561,086-783-9627,a1561@gmail.com,762 ถนน รัชดาภิเษก Surat Thani
A-1562,086-367-7935,a1562@outlook.com,436 ถนน รัชดาภิเษก Chiang Rai
A-1563,083-696-1313,a1563@outlook.com,911 ถนน สีลม Samut Prakan
A-1564,088-421-4854,a1564@hotmail.com,278 ถนน พหลโยธิน Rayong
A-1565,084-589-8671,a1565@yahoo.com,927 ถนน เพชรบุรี Songkhla
A-1566,086-981-5267,a1566@outlook.com,647 ถนน เพชรบุรี Udon Thani
A-1567,087-739-5060,a1567@yahoo.com,279 ถนน พหลโยธิน Songkhla
A-1568,083-194-9419,a1568@gmail.com,650 ถนน สุขุมวิท Chonburi
A-1569,085-242-4247,a1569@yahoo.com,897 ถนน สุขุมวิท Nakhon Ratchasima
A-1570,081-717-5413,a1570@outlook.com,55 ถนน รัชดาภิเษก Phuket
A-1571,082-579-4403,a1571@yahoo.com,193 ถนน ลาดพร้าว Udon Thani
A-1572,084-741-8274,a1572@outlook.com,490 ถนน สุขุมวิท Khon Kaen
A-1573,081-309-1312,a1573@outlook.com,61 ถนน ลาดพร้าว Lampang
A-1574,083-585-8097,a1574@yahoo.com,61 ถนน สุขุมวิท Lampang
A-1575,082-553-9932,a1575@yahoo.com,864 ถนน สีลม Phuket
A-1576,087-463-2400,a1576@hotmail.com,274 ถนน สีลม Bangkok
A-1577,084-885-6097,a1577@hotmail.com,135 ถนน สุขุมวิท Samut Prakan
A-1578,084-581-2522,a1578@outlook.com,525 ถนน รัชดาภิเษก Chonburi
A-1579,089-929-2407,a1579@yahoo.com,140 ถนน สุขุมวิท Chonburi
A-1580,081-474-1487,a1580@hotmail.com,248 ถนน สุขุมวิท Chonburi
A-1581,086-787-5137,a1581@yahoo.com,205 ถนน รัชดาภิเษก Songkhla
A-1582,088-967-4488,a1582@gmail.com,449 ถนน รัชดาภิเษก Samut Prakan
A-1583,085-215-2792,a1583@yahoo.com,845 ถนน ลาดพร้าว Khon Kaen
A-1584,089-135-6117,a1584@yahoo.com,349 ถนน ลาดพร้าว Rayong
A-1585,089-971-9627,a1585@gmail.com,74 ถนน สุขุมวิท Chiang Rai
A-1586,087-842-3861,a1586@hotmail.com,508 ถนน พหลโยธิน Nakhon Ratchasima
A-1587,087-330-5172,a1587@yahoo.com,232 ถนน ลาดพร้าว Chiang Mai
A-1588,082-390-6249,a1588@gmail.com,675 ถนน สีลม Chiang Rai
A-1589,083-730-5109,a1589@yahoo.com,177 ถนน สุขุมวิท Nakhon Ratchasima
A-1590,088-924-9665,a1590@hotmail.com,398 ถนน เพชรบุรี Bangkok
A-1591,088-372-6139,a1591@yahoo.com,51 ถนน เพชรบุรี Chonburi
A-1592,087-492-3661,a1592@gmail.com,428 ถนน พหลโยธิน Rayong
A-1593,083-807-5983,a1593@yahoo.com,230 ถนน รัชดาภิเษก Chiang Mai
A-1594,086-588-6989,a1594@gmail.com,492 ถนน สีลม Udon Thani
A-1595,087-685-3426,a1595@hotmail.com,203 ถนน สุขุมวิท Phuket
A-1658,083-530-8773,a1658@outlook.com,543 ถนน สีลม Chonburi
A-1659,082-847-9076,a1659@outlook.com,223 ถนน เพชรบุรี Lampang
A-1660,084-605-2424,a1660@yahoo.com,421 ถนน รัชดาภิเษก Pathum Thani
A-1661,088-193-5556,a1661@gmail.com,335 ถนน ลาดพร้าว Pathum Thani
A-1662,088-204-8400,a1662@hotmail.com,323 ถนน รัชดาภิเษก Nonthaburi
A-1663,082-189-1885,a1663@gmail.com,741 ถนน รัชดาภิเษก Chonburi
A-1664,085-308-7362,a1664@yahoo.com,362 ถนน สีลม Khon Kaen
A-1665,088-711-6470,a1665@gmail.com,853 ถนน สีลม Rayong
A-1666,087-235-6725,a1666@hotmail.com,76 ถนน สุขุมวิท Pathum Thani
A-1667,088-850-6068,a1667@yahoo.com,668 ถนน สุขุมวิท Bangkok
A-1668,083-546-7088,a1668@outlook.com,152 ถนน พหลโยธิน Bangkok
A-1669,081-220-5192,a1669@yahoo.com,473 ถนน พหลโยธิน Udon Thani
A-1670,088-848-9637,a1670@gmail.com,991 ถนน รัชดาภิเษก Nonthaburi
A-1671,086-592-2262,a1671@yahoo.com,942 ถนน สุขุมวิท Bangkok
A-1672,088-216-5587,a1672@yahoo.com,620 ถนน รัชดาภิเษก Phuket
A-1673,085-569-1705,a1673@yahoo.com,609 ถนน สุขุมวิท Chiang Mai
A-1674,088-115-7103,a1674@yahoo.com,368 ถนน เพชรบุรี Chiang Rai
A-1675,082-645-1183,a1675@yahoo.com,996 ถนน ลาดพร้าว Rayong
A-1676,084-627-1875,a1676@hotmail.com,336 ถนน สุขุมวิท Chiang Rai
A-1677,087-832-4099,a1677@gmail.com,671 ถนน ลาดพร้าว Rayong
A-1678,086-814-6222,a1678@outlook.com,171 ถนน เพชรบุรี Chonburi
A-1679,088-236-6394,a1679@yahoo.com,443 ถนน พหลโยธิน Nakhon Ratchasima
A-1680,081-980-6228,a1680@hotmail.com,230 ถนน พหลโยธิน Surat Thani
A-1681,087-332-2006,a1681@hotmail.com,782 ถนน สีลม Udon Thani
A-1682,087-220-6402,a1682@gmail.com,69 ถนน รัชดาภิเษก Chonburi
A-1683,081-593-6937,a1683@gmail.com,834 ถนน ลาดพร้าว Lampang
A-1684,087-483-5501,a1684@hotmail.com,325 ถนน พหลโยธิน Chiang Mai
A-1685,084-136-6153,a1685@outlook.com,698 ถนน สุขุมวิท Nonthaburi
A-1686,089-441-1307,a1686@outlook.com,95 ถนน ลาดพร้าว Nakhon Ratchasima
A-1687,086-637-8602,a1687@yahoo.com,738 ถนน รัชดาภิเษก Samut Prakan
A-1688,086-710-5644,a1688@outlook.com,141 ถนน รัชดาภิเษก Rayong
A-1689,082-385-6047,a1689@outlook.com,556 ถนน สุขุมวิท Lampang
A-1690,084-753-9078,a1690@outlook.com,550 ถนน รัชดาภิเษก Rayong
A-1691,084-743-1013,a1691@yahoo.com,348 ถนน สุขุมวิท Nakhon Ratchasima
A-1692,086-977-9393,a1692@outlook.com,374 ถนน สุขุมวิท Samut Prakan
A-1693,081-864-3462,a1693@hotmail.com,510 ถนน พหลโยธิน Udon Thani
A-1694,086-594-4282,a1694@hotmail.com,359 ถนน พหลโยธิน Nakhon Ratchasima
A-1695,085-278-8312,a1695@gmail.com,846 ถนน ลาดพร้าว Rayong
A-1696,086-465-1342,a1696@outlook.com,445 ถนน สีลม Lampang
A-1697,082-273-4487,a1697@gmail.com,5 ถนน พหลโยธิน Lampang
A-1698,082-687-1000,a1698@gmail.com,48 ถนน สีลม Phuket
A-1699,085-665-4337,a1699@hotmail.com,50 ถนน ลาดพร้าว Rayong
A-1700,089-443-6778,a1700@gmail.com,120 ถนน สุขุมวิท Pathum Thani
A-1701,085-341-6149,a1701@gmail.com,516 ถนน รัชดาภิเษก Khon Kaen
A-1702,084-345-4704,a1702@gmail.com,71 ถนน เพชรบุรี Pathum Thani
A-1703,086-924-3150,a1703@outlook.com,790 ถนน สุขุมวิท Surat Thani
A-1704,084-523-7804,a1704@hotmail.com,352 ถนน สีลม Udon Thani
A-1705,084-292-7238,a1705@outlook.com,330 ถนน สีลม Surat Thani
A-1706,083-927-2986,a1706@yahoo.com,529 ถนน ลาดพร้าว Songkhla
A-1707,088-634-4244,a1707@outlook.com,908 ถนน รัชดาภิเษก Bangkok
A-1708,084-661-4463,a1708@outlook.com,137 ถนน พหลโยธิน Nakhon Ratchasima
A-1709,081-114-9176,a1709@gmail.com,825 ถนน พหลโยธิน Lampang
A-1710,084-668-9849,a1710@gmail.com,661 ถนน พหลโยธิน Rayong
A-1711,085-888-7429,a1711@outlook.com,705 ถนน เพชรบุรี Songkhla
A-1712,087-722-1326,a1712@outlook.com,733 ถนน ลาดพร้าว Chiang Rai
A-1713,083-625-2700,a1713@hotmail.com,325 ถนน พหลโยธิน Bangkok
A-1714,081-839-2617,a1714@gmail.com,892 ถนน สีลม Surat Thani
A-1715,085-462-6000,a1715@hotmail.com,325 ถนน รัชดาภิเษก Lampang
A-1716,082-888-3941,a1716@outlook.com,788 ถนน สีลม Bangkok
A-1717,088-545-8099,a1717@outlook.com,126 ถนน สีลม Chiang Mai
A-1718,087-115-6422,a1718@gmail.com,731 ถนน ลาดพร้าว Nonthaburi
A-1719,082-937-2102,a1719@outlook.com,113 ถนน เพชรบุรี Khon Kaen
A-1286,085-789-5243,a1286@yahoo.com,137 ถนน เพชรบุรี Pathum Thani
A-1287,088-630-2640,a1287@hotmail.com,665 ถนน สีลม Chonburi
A-1288,088-987-1213,a1288@outlook.com,537 ถนน สุขุมวิท Pathum Thani
A-1289,081-894-3550,a1289@outlook.com,596 ถนน สุขุมวิท Rayong
A-1290,085-717-2291,a1290@outlook.com,124 ถนน ลาดพร้าว Surat Thani
A-1291,089-871-8559,a1291@hotmail.com,707 ถนน สุขุมวิท Pathum Thani
A-1292,083-533-8384,a1292@gmail.com,279 ถนน ลาดพร้าว Nakhon Ratchasima
A-1293,088-777-6996,a1293@hotmail.com,521 ถนน เพชรบุรี Chonburi
A-1294,081-718-7171,a1294@outlook.com,4 ถนน พหลโยธิน Chonburi
A-1295,082-488-4924,a1295@yahoo.com,796 ถนน พหลโยธิน Nonthaburi
A-1296,082-864-1610,a1296@yahoo.com,41 ถนน ลาดพร้าว Samut Prakan
A-1297,089-996-1904,a1297@yahoo.com,715 ถนน ลาดพร้าว Phuket
A-1298,088-157-2418,a1298@outlook.com,468 ถนน สีลม Bangkok
A-1299,084-715-9064,a1299@gmail.com,942 ถนน สีลม Phuket
A-1300,084-121-6257,a1300@gmail.com,657 ถนน พหลโยธิน Khon Kaen
A-1301,084-128-9107,a1301@hotmail.com,946 ถนน ลาดพร้าว Chiang Rai
A-1302,082-862-4644,a1302@hotmail.com,674 ถนน พหลโยธิน Lampang
A-1303,085-507-4293,a1303@hotmail.com,60 ถนน ลาดพร้าว Nonthaburi
A-1304,082-344-9438,a1304@hotmail.com,202 ถนน รัชดาภิเษก Chonburi
A-1305,088-158-9319,a1305@gmail.com,755 ถนน ลาดพร้าว Udon Thani
A-1306,085-638-7009,a1306@outlook.com,87 ถนน เพชรบุรี Chonburi
A-1307,084-261-9924,a1307@gmail.com,520 ถนน สุขุมวิท Songkhla
A-1308,082-138-4938,a1308@yahoo.com,902 ถนน เพชรบุรี Nonthaburi
A-1309,087-665-9681,a1309@gmail.com,271 ถนน สุขุมวิท Lampang
A-1310,081-199-6335,a1310@gmail.com,997 ถนน ลาดพร้าว Nakhon Ratchasima
A-1311,082-711-5180,a1311@hotmail.com,739 ถนน ลาดพร้าว Phuket
A-1312,089-939-7112,a1312@outlook.com,473 ถนน สีลม Surat Thani
A-1313,087-366-6083,a1313@outlook.com,20 ถนน สุขุมวิท Chiang Rai
A-1314,088-679-8683,a1314@hotmail.com,368 ถนน ลาดพร้าว Chiang Mai
A-1315,081-736-8610,a1315@outlook.com,678 ถนน ลาดพร้าว Surat Thani
A-1316,086-441-8584,a1316@gmail.com,422 ถนน พหลโยธิน Udon Thani
A-1317,081-344-3713,a1317@yahoo.com,395 ถนน ลาดพร้าว Pathum Thani
A-1318,086-520-5135,a1318@hotmail.com,897 ถนน สีลม Nakhon Ratchasima
A-1319,089-598-7898,a1319@outlook.com,268 ถนน เพชรบุรี Songkhla
A-1320,083-253-5126,a1320@yahoo.com,108 ถนน สุขุมวิท Udon Thani
A-1321,089-390-3368,a1321@outlook.com,577 ถนน สีลม Bangkok
A-1322,084-275-8862,a1322@yahoo.com,778 ถนน เพชรบุรี Udon Thani
A-1323,088-858-1978,a1323@yahoo.com,564 ถนน พหลโยธิน Pathum Thani
A-1324,086-881-5944,a1324@outlook.com,564 ถนน รัชดาภิเษก Nakhon Ratchasima
A-1325,083-454-4308,a1325@hotmail.com,372 ถนน สีลม Samut Prakan
A-1326,081-340-4814,a1326@outlook.com,960 ถนน เพชรบุรี Phuket
A-1327,081-911-2349,a1327@outlook.com,611 ถนน เพชรบุรี Phuket
A-1328,084-576-6126,a1328@gmail.com,571 ถนน ลาดพร้าว Chiang Mai
A-1329,089-580-2057,a1329@hotmail.com,700 ถนน ลาดพร้าว Khon Kaen
A-1330,084-188-5463,a1330@hotmail.com,795 ถนน เพชรบุรี Bangkok
A-1331,089-176-6187,a1331@hotmail.com,503 ถนน สุขุมวิท Songkhla
A-1332,083-390-8262,a1332@outlook.com,857 ถนน สีลม Nakhon Ratchasima
A-1333,088-180-7612,a1333@outlook.com,362 ถนน พหลโยธิน Khon Kaen
A-1334,085-896-3795,a1334@outlook.com,3 ถนน เพชรบุรี Chiang Mai
A-1335,081-118-6635,a1335@yahoo.com,512 ถนน พหลโยธิน Chiang Mai
A-1336,082-794-4109,a1336@yahoo.com,783 ถนน รัชดาภิเษก Samut Prakan
A-1337,086-972-4309,a1337@yahoo.com,398 ถนน สีลม Lampang
A-1338,081-140-2042,a1338@outlook.com,528 ถนน พหลโยธิน Samut Prakan
A-1339,087-900-8083,a1339@outlook.com,917 ถนน รัชดาภิเษก Khon Kaen
A-1340,081-524-1540,a1340@yahoo.com,703 ถนน พหลโยธิน Phuket
A-1341,081-734-6570,a1341@yahoo.com,464 ถนน เพชรบุรี Chiang Mai
A-1342,084-542-4264,a1342@gmail.com,834 ถนน รัชดาภิเษก Udon Thani
A-1343,089-687-4825,a1343@gmail.com,866 ถนน สุขุมวิท Lampang
A-1344,086-471-5263,a1344@outlook.com,137 ถนน พหลโยธิน Surat Thani
A-1345,082-691-2489,a1345@gmail.com,604 ถนน รัชดาภิเษก Chiang Rai
A-1346,082-838-6492,a1346@hotmail.com,690 ถนน เพชรบุรี Samut Prakan
A-1347,082-673-1197,a1347@hotmail.com,867 ถนน สุขุมวิท Nonthaburi
A-1224,084-916-4460,a1224@yahoo.com,747 ถนน เพชรบุรี Rayong
A-1225,086-207-4662,a1225@gmail.com,555 ถนน รัชดาภิเษก Chonburi
A-1226,086-791-7516,a1226@hotmail.com,570 ถนน เพชรบุรี Chiang Rai
A-1227,082-795-2668,a1227@yahoo.com,923 ถนน สีลม Pathum Thani
A-1228,085-280-7268,a1228@gmail.com,804 ถนน ลาดพร้าว Chonburi
A-1229,086-166-8965,a1229@yahoo.com,418 ถนน เพชรบุรี Samut Prakan
A-1230,089-702-8871,a1230@gmail.com,569 ถนน พหลโยธิน Samut Prakan
A-1231,087-680-7306,a1231@gmail.com,292 ถนน พหลโยธิน Phuket
A-1232,085-938-5308,a1232@yahoo.com,657 ถนน สุขุมวิท Nonthaburi
A-1233,089-751-9499,a1233@yahoo.com,319 ถนน ลาดพร้าว Phuket
A-1234,083-553-8897,a1234@outlook.com,796 ถนน สีลม Rayong
A-1235,083-452-5661,a1235@gmail.com,416 ถนน สุขุมวิท Nakhon Ratchasima
A-1236,089-406-4311,a1236@gmail.com,752 ถนน สุขุมวิท Lampang
A-1237,083-936-8823,a1237@hotmail.com,123 ถนน สุขุมวิท Pathum Thani
A-1238,088-646-8173,a1238@gmail.com,63 ถนน เพชรบุรี Rayong
A-1239,082-125-7623,a1239@gmail.com,189 ถนน เพชรบุรี Lampang
A-1240,083-442-2822,a1240@outlook.com,37 ถนน พหลโยธิน Pathum Thani
A-1241,087-867-6009,a1241@gmail.com,510 ถนน เพชรบุรี Songkhla
A-1242,086-731-6579,a1242@hotmail.com,860 ถนน ลาดพร้าว Udon Thani
A-1243,081-408-4787,a1243@gmail.com,334 ถนน พหลโยธิน Chiang Mai
A-1244,081-115-2501,a1244@hotmail.com,606 ถนน สุขุมวิท Udon Thani
A-1245,082-350-6004,a1245@outlook.com,37 ถนน สีลม Bangkok
A-1246,088-844-7392,a1246@hotmail.com,79 ถนน เพชรบุรี Lampang
A-1247,089-253-9688,a1247@hotmail.com,301 ถนน ลาดพร้าว Chiang Mai
A-1248,088-340-5406,a1248@gmail.com,717 ถนน เพชรบุรี Khon Kaen
A-1249,081-698-6582,a1249@outlook.com,104 ถนน ลาดพร้าว Rayong
A-1250,081-973-3456,a1250@yahoo.com,839 ถนน พหลโยธิน Samut Prakan
A-1251,087-701-3198,a1251@yahoo.com,493 ถนน สีลม Samut Prakan
A-1252,085-655-4430,a1252@yahoo.com,518 ถนน สุขุมวิท Chiang Mai
A-1253,083-741-3794,a1253@gmail.com,572 ถนน รัชดาภิเษก Samut Prakan
A-1254,081-859-4444,a1254@outlook.com,645 ถนน สุขุมวิท Khon Kaen
A-1255,086-279-9629,a1255@outlook.com,220 ถนน รัชดาภิเษก Lampang
A-1256,089-251-1816,a1256@yahoo.com,362 ถนน สุขุมวิท Surat Thani
A-1257,087-387-3045,a1257@gmail.com,156 ถนน สุขุมวิท Bangkok
A-1258,084-868-3564,a1258@outlook.com,720 ถนน พหลโยธิน Phuket
A-1259,085-499-3102,a1259@outlook.com,99 ถนน พหลโยธิน Chiang Mai
A-1260,083-908-5716,a1260@yahoo.com,789 ถนน เพชรบุรี Udon Thani
A-1261,087-455-8700,a1261@outlook.com,84 ถนน สีลม Udon Thani
A-1262,089-205-6232,a1262@gmail.com,548 ถนน เพชรบุรี Songkhla
A-1263,088-452-8366,a1263@yahoo.com,427 ถนน พหลโยธิน Samut Prakan
A-1264,081-650-8700,a1264@outlook.com,625 ถนน เพชรบุรี Phuket
A-1265,085-606-8008,a1265@gmail.com,803 ถนน สีลม Chonburi
A-1266,081-667-9059,a1266@yahoo.com,529 ถนน สีลม Nakhon Ratchasima
A-1267,083-847-1297,a1267@yahoo.com,222 ถนน ลาดพร้าว Samut Prakan
A-1268,081-573-5987,a1268@hotmail.com,535 ถนน ลาดพร้าว Phuket
A-1269,089-210-1233,a1269@hotmail.com,383 ถนน เพชรบุรี Bangkok
A-1270,082-995-8178,a1270@outlook.com,355 ถนน สีลม Surat Thani
A-1271,082-894-1511,a1271@hotmail.com,730 ถนน พหลโยธิน Rayong
A-1272,088-376-1466,a1272@outlook.com,806 ถนน เพชรบุรี Phuket
A-1273,088-283-7457,a1273@hotmail.com,85 ถนน พหลโยธิน Surat Thani
A-1274,089-895-2620,a1274@outlook.com,610 ถนน เพชรบุรี Rayong
A-1275,089-179-2956,a1275@yahoo.com,351 ถนน เพชรบุรี Lampang
A-1276,085-460-7291,a1276@hotmail.com,857 ถนน พหลโยธิน Chiang Mai
A-1277,083-213-9781,a1277@gmail.com,295 ถนน สีลม Lampang
A-1278,086-638-9915,a1278@yahoo.com,570 ถนน สีลม Khon Kaen
A-1279,083-353-4658,a1279@hotmail.com,176 ถนน พหลโยธิน Bangkok
A-1280,088-370-2502,a1280@hotmail.com,4 ถนน ลาดพร้าว Udon Thani
A-1281,081-187-4694,a1281@hotmail.com,689 ถนน สุขุมวิท Nonthaburi
A-1282,086-644-2705,a1282@outlook.com,829 ถนน ลาดพร้าว Nakhon Ratchasima
A-1283,085-520-4715,a1283@hotmail.com,949 ถนน สุขุมวิท Chonburi
A-1284,086-340-3517,a1284@gmail.com,685 ถนน ลาดพร้าว Pathum Thani
A-1285,088-194-9579,a1285@yahoo.com,385 ถนน พหลโยธิน Chonburi
A-1844,081-409-5115,a1844@hotmail.com,470 ถนน สีลม Chiang Rai
A-1845,088-243-2055,a1845@hotmail.com,765 ถนน ลาดพร้าว Udon Thani
A-1846,084-820-8533,a1846@gmail.com,238 ถนน เพชรบุรี Rayong
A-1847,086-650-3424,a1847@outlook.com,489 ถนน ลาดพร้าว Chiang Mai
A-1848,081-873-6399,a1848@hotmail.com,883 ถนน สุขุมวิท Nakhon Ratchasima
A-1849,087-380-5597,a1849@gmail.com,186 ถนน เพชรบุรี Pathum Thani
A-1850,085-402-9356,a1850@yahoo.com,191 ถนน เพชรบุรี Nonthaburi
A-1851,089-705-8060,a1851@gmail.com,124 ถนน รัชดาภิเษก Samut Prakan
A-1852,082-222-6716,a1852@gmail.com,134 ถนน ลาดพร้าว Chiang Mai
A-1853,082-383-9230,a1853@outlook.com,380 ถนน สุขุมวิท Phuket
A-1854,082-400-5740,a1854@gmail.com,3 ถนน สุขุมวิท Samut Prakan
A-1855,086-315-2293,a1855@gmail.com,475 ถนน สุขุมวิท Nakhon Ratchasima
A-1856,084-125-1140,a1856@gmail.com,182 ถนน เพชรบุรี Rayong
A-1857,083-700-3859,a1857@yahoo.com,861 ถนน พหลโยธิน Surat Thani
A-1858,089-138-2042,a1858@yahoo.com,821 ถนน พหลโยธิน Khon Kaen
A-1859,084-625-3054,a1859@yahoo.com,992 ถนน พหลโยธิน Surat Thani
A-1860,084-588-7318,a1860@outlook.com,978 ถนน รัชดาภิเษก Pathum Thani
A-1861,083-987-3323,a1861@outlook.com,177 ถนน เพชรบุรี Songkhla
A-1862,083-838-6924,a1862@gmail.com,399 ถนน เพชรบุรี Nakhon Ratchasima
A-1863,087-450-3847,a1863@yahoo.com,491 ถนน ลาดพร้าว Udon Thani
A-1864,086-312-3408,a1864@gmail.com,726 ถนน เพชรบุรี Chonburi
A-1865,083-484-7244,a1865@gmail.com,286 ถนน สุขุมวิท Chiang Rai
A-1866,083-882-9181,a1866@gmail.com,554 ถนน สุขุมวิท Songkhla
A-1867,089-915-3620,a1867@yahoo.com,390 ถนน เพชรบุรี Nakhon Ratchasima
A-1868,085-652-9271,a1868@outlook.com,585 ถนน เพชรบุรี Bangkok
A-1869,089-991-5289,a1869@hotmail.com,143 ถนน รัชดาภิเษก Chonburi
A-1870,081-990-4020,a1870@yahoo.com,695 ถนน เพชรบุรี Khon Kaen
A-1871,088-431-6300,a1871@hotmail.com,60 ถนน สีลม Nonthaburi
A-1872,087-914-7313,a1872@gmail.com,579 ถนน เพชรบุรี Songkhla
A-1873,086-633-1910,a1873@gmail.com,985 ถนน สีลม Chonburi
A-1874,089-679-3299,a1874@gmail.com,847 ถนน สีลม Nakhon Ratchasima
A-1875,086-671-3414,a1875@outlook.com,817 ถนน เพชรบุรี Khon Kaen
A-1876,086-726-3567,a1876@outlook.com,270 ถนน ลาดพร้าว Surat Thani
A-1877,089-555-3342,a1877@hotmail.com,419 ถนน เพชรบุรี Phuket
A-1878,083-496-2239,a1878@yahoo.com,422 ถนน รัชดาภิเษก Chonburi
A-1879,082-124-4078,a1879@gmail.com,334 ถนน รัชดาภิเษก Samut Prakan
A-1880,082-581-8626,a1880@outlook.com,25 ถนน สุขุมวิท Nonthaburi
A-1881,085-601-4148,a1881@hotmail.com,621 ถนน รัชดาภิเษก Chiang Mai
A-1882,084-674-9429,a1882@yahoo.com,367 ถนน ลาดพร้าว Rayong
A-1883,086-306-2930,a1883@gmail.com,527 ถนน พหลโยธิน Chiang Rai
A-1884,084-636-8471,a1884@hotmail.com,211 ถนน เพชรบุรี Bangkok
A-1885,087-619-4485,a1885@gmail.com,113 ถนน สีลม Surat Thani
A-1886,082-733-9161,a1886@outlook.com,799 ถนน สีลม Chonburi
A-1887,085-441-4709,a1887@yahoo.com,384 ถนน เพชรบุรี Pathum Thani
A-1888,083-718-4970,a1888@outlook.com,32 ถนน ลาดพร้าว Chiang Mai
A-1889,083-654-4437,a1889@yahoo.com,686 ถนน สุขุมวิท Bangkok
A-1890,089-500-3297,a1890@yahoo.com,944 ถนน รัชดาภิเษก Chiang Rai
A-1891,087-555-1970,a1891@yahoo.com,831 ถนน ลาดพร้าว Surat Thani
A-1892,085-782-1826,a1892@outlook.com,636 ถนน รัชดาภิเษก Bangkok
A-1893,087-658-5572,a1893@gmail.com,183 ถนน เพชรบุรี Chiang Rai
A-1894,081-852-6840,a1894@hotmail.com,806 ถนน เพชรบุรี Rayong
A-1895,088-628-1022,a1895@yahoo.com,581 ถนน พหลโยธิน Samut Prakan
A-1896,082-308-2357,a1896@outlook.com,330 ถนน ลาดพร้าว Nakhon Ratchasima
A-1897,082-362-1944,a1897@hotmail.com,276 ถนน ลาดพร้าว Surat Thani
A-1898,083-774-8537,a1898@outlook.com,853 ถนน รัชดาภิเษก Phuket
A-1899,085-849-7370,a1899@yahoo.com,611 ถนน สุขุมวิท Songkhla
A-1900,086-475-9930,a1900@outlook.com,31 ถนน ลาดพร้าว Songkhla
A-1901,081-160-2844,a1901@hotmail.com,428 ถนน รัชดาภิเษก Songkhla
A-1902,088-993-4920,a1902@yahoo.com,994 ถนน รัชดาภิเษก Lampang
A-1903,084-222-1503,a1903@yahoo.com,960 ถนน สุขุมวิท Pathum Thani
A-1904,086-923-2095,a1904@hotmail.com,366 ถนน พหลโยธิน Bangkok
A-1905,089-552-6743,a1905@gmail.com,12 ถนน สีลม Chonburi
A-1348,082-783-8069,a1348@hotmail.com,132 ถนน สีลม Chiang Rai
A-1349,082-642-4822,a1349@gmail.com,178 ถนน สุขุมวิท Bangkok
A-1350,084-100-4196,a1350@yahoo.com,326 ถนน พหลโยธิน Pathum Thani
A-1351,083-843-7730,a1351@outlook.com,678 ถนน พหลโยธิน Pathum Thani
A-1352,084-885-2620,a1352@hotmail.com,318 ถนน สุขุมวิท Chiang Mai
A-1353,085-669-9206,a1353@hotmail.com,929 ถนน พหลโยธิน Chiang Mai
A-1354,084-930-8122,a1354@outlook.com,215 ถนน รัชดาภิเษก Chiang Rai
A-1355,081-631-4785,a1355@hotmail.com,116 ถนน สีลม Lampang
A-1356,085-718-9644,a1356@outlook.com,339 ถนน ลาดพร้าว Samut Prakan
A-1357,082-430-2417,a1357@yahoo.com,110 ถนน พหลโยธิน Udon Thani
A-1358,081-929-9498,a1358@yahoo.com,909 ถนน เพชรบุรี Chiang Rai
A-1359,083-137-4027,a1359@yahoo.com,353 ถนน สุขุมวิท Samut Prakan
A-1360,086-316-4434,a1360@yahoo.com,63 ถนน ลาดพร้าว Nakhon Ratchasima
A-1361,083-814-7751,a1361@hotmail.com,616 ถนน เพชรบุรี Phuket
A-1362,087-996-7870,a1362@outlook.com,617 ถนน สีลม Surat Thani
A-1363,081-805-9877,a1363@outlook.com,259 ถนน สีลม Udon Thani
A-1364,083-902-8038,a1364@yahoo.com,964 ถนน พหลโยธิน Pathum Thani
A-1365,085-918-6740,a1365@yahoo.com,486 ถนน เพชรบุรี Bangkok
A-1366,083-288-2264,a1366@gmail.com,403 ถนน เพชรบุรี Samut Prakan
A-1367,082-493-7714,a1367@outlook.com,91 ถนน สุขุมวิท Udon Thani
A-1368,086-633-9348,a1368@outlook.com,905 ถนน พหลโยธิน Samut Prakan
A-1369,084-933-8615,a1369@hotmail.com,559 ถนน พหลโยธิน Chonburi
A-1370,083-869-1553,a1370@hotmail.com,947 ถนน สุขุมวิท Bangkok
A-1371,084-561-9334,a1371@yahoo.com,270 ถนน สีลม Lampang
A-1372,082-743-4185,a1372@outlook.com,546 ถนน พหลโยธิน Rayong
A-1373,089-149-8934,a1373@hotmail.com,901 ถนน สีลม Nonthaburi
A-1374,087-367-6687,a1374@gmail.com,119 ถนน รัชดาภิเษก Nakhon Ratchasima
A-1375,089-526-8391,a1375@yahoo.com,387 ถนน รัชดาภิเษก Chiang Mai
A-1376,089-361-5117,a1376@outlook.com,842 ถนน สีลม Songkhla
A-1377,083-242-1964,a1377@yahoo.com,967 ถนน พหลโยธิน Samut Prakan
A-1378,081-399-8288,a1378@yahoo.com,711 ถนน พหลโยธิน Phuket
A-1379,087-191-9005,a1379@yahoo.com,294 ถนน สุขุมวิท Surat Thani
A-1380,086-656-1107,a1380@outlook.com,459 ถนน ลาดพร้าว Samut Prakan
A-1381,082-460-8866,a1381@outlook.com,752 ถนน สีลม Udon Thani
A-1382,089-764-7013,a1382@outlook.com,121 ถนน สุขุมวิท Nonthaburi
A-1383,089-571-5883,a1383@gmail.com,722 ถนน ลาดพร้าว Bangkok
A-1384,082-747-4801,a1384@yahoo.com,778 ถนน พหลโยธิน Songkhla
A-1385,083-756-3966,a1385@hotmail.com,384 ถนน พหลโยธิน Songkhla
A-1386,086-865-2550,a1386@hotmail.com,980 ถนน เพชรบุรี Udon Thani
A-1387,083-526-7543,a1387@yahoo.com,298 ถนน รัชดาภิเษก Udon Thani
A-1388,084-436-9756,a1388@outlook.com,771 ถนน รัชดาภิเษก Nonthaburi
A-1389,084-907-1055,a1389@gmail.com,590 ถนน สุขุมวิท Nakhon Ratchasima
A-1390,087-319-4784,a1390@gmail.com,420 ถนน ลาดพร้าว Chiang Rai
A-1391,085-990-8565,a1391@yahoo.com,651 ถนน สีลม Bangkok
A-1392,088-507-4219,a1392@yahoo.com,749 ถนน ลาดพร้าว Phuket
A-1393,089-388-7618,a1393@outlook.com,119 ถนน เพชรบุรี Chonburi
A-1394,083-288-2076,a1394@outlook.com,477 ถนน รัชดาภิเษก Surat Thani
A-1395,083-669-7276,a1395@hotmail.com,532 ถนน สีลม Chiang Rai
A-1396,084-464-9914,a1396@hotmail.com,576 ถนน สีลม Chiang Mai
A-1397,082-624-8488,a1397@hotmail.com,577 ถนน พหลโยธิน Nakhon Ratchasima
A-1398,085-670-6509,a1398@gmail.com,756 ถนน สีลม Udon Thani
A-1399,082-189-9297,a1399@yahoo.com,705 ถนน รัชดาภิเษก Nakhon Ratchasima
A-1400,087-852-5098,a1400@outlook.com,168 ถนน สุขุมวิท Surat Thani
A-1401,087-815-7111,a1401@gmail.com,978 ถนน สีลม Phuket
A-1402,088-681-6547,a1402@yahoo.com,641 ถนน สีลม Bangkok
A-1403,089-153-2298,a1403@gmail.com,325 ถนน สีลม Chiang Rai
A-1404,087-265-7062,a1404@gmail.com,42 ถนน สีลม Pathum Thani
A-1405,087-754-5801,a1405@yahoo.com,109 ถนน สีลม Lampang
A-1406,086-101-6727,a1406@outlook.com,810 ถนน รัชดาภิเษก Chiang Mai
A-1407,081-795-8260,a1407@gmail.com,194 ถนน รัชดาภิเษก Nonthaburi
A-1408,085-774-3973,a1408@gmail.com,475 ถนน ลาดพร้าว Chiang Mai
A-1409,087-456-7037,a1409@yahoo.com,891 ถนน สีลม Phuket
